# ************************************************************
# Sequel Pro SQL dump
# Version 4541
#
# http://www.sequelpro.com/
# https://github.com/sequelpro/sequelpro
#
# Host: 127.0.0.1 (MySQL 5.5.5-10.2.12-MariaDB)
# Database: db_estore
# Generation Time: 2018-02-24 06:40:27 +0000
# ************************************************************


/*!40101 SET @OLD_CHARACTER_SET_CLIENT=@@CHARACTER_SET_CLIENT */;
/*!40101 SET @OLD_CHARACTER_SET_RESULTS=@@CHARACTER_SET_RESULTS */;
/*!40101 SET @OLD_COLLATION_CONNECTION=@@COLLATION_CONNECTION */;
/*!40101 SET NAMES utf8 */;
/*!40014 SET @OLD_FOREIGN_KEY_CHECKS=@@FOREIGN_KEY_CHECKS, FOREIGN_KEY_CHECKS=0 */;
/*!40101 SET @OLD_SQL_MODE=@@SQL_MODE, SQL_MODE='NO_AUTO_VALUE_ON_ZERO' */;
/*!40111 SET @OLD_SQL_NOTES=@@SQL_NOTES, SQL_NOTES=0 */;


# Dump of table migrations
# ------------------------------------------------------------

DROP TABLE IF EXISTS `migrations`;

CREATE TABLE `migrations` (
  `id` int(10) unsigned NOT NULL AUTO_INCREMENT,
  `migration` varchar(255) COLLATE utf8mb4_unicode_ci NOT NULL,
  `batch` int(11) NOT NULL,
  PRIMARY KEY (`id`)
) ENGINE=InnoDB DEFAULT CHARSET=utf8mb4 COLLATE=utf8mb4_unicode_ci;

LOCK TABLES `migrations` WRITE;
/*!40000 ALTER TABLE `migrations` DISABLE KEYS */;

INSERT INTO `migrations` (`id`, `migration`, `batch`)
VALUES
	(4,'2014_10_12_000000_create_users_table',1),
	(5,'2014_10_12_100000_create_password_resets_table',1),
	(6,'2018_02_24_052420_create_products_table',1),
	(7,'2018_02_24_052505_create_reviews_table',1);

/*!40000 ALTER TABLE `migrations` ENABLE KEYS */;
UNLOCK TABLES;


# Dump of table password_resets
# ------------------------------------------------------------

DROP TABLE IF EXISTS `password_resets`;

CREATE TABLE `password_resets` (
  `email` varchar(255) COLLATE utf8mb4_unicode_ci NOT NULL,
  `token` varchar(255) COLLATE utf8mb4_unicode_ci NOT NULL,
  `created_at` timestamp NULL DEFAULT NULL,
  KEY `password_resets_email_index` (`email`)
) ENGINE=InnoDB DEFAULT CHARSET=utf8mb4 COLLATE=utf8mb4_unicode_ci;



# Dump of table products
# ------------------------------------------------------------

DROP TABLE IF EXISTS `products`;

CREATE TABLE `products` (
  `id` int(10) unsigned NOT NULL AUTO_INCREMENT,
  `name` varchar(255) COLLATE utf8mb4_unicode_ci NOT NULL,
  `detail` text COLLATE utf8mb4_unicode_ci NOT NULL,
  `price` int(11) NOT NULL,
  `stock` int(11) NOT NULL,
  `discount` int(11) NOT NULL,
  `created_at` timestamp NULL DEFAULT NULL,
  `updated_at` timestamp NULL DEFAULT NULL,
  PRIMARY KEY (`id`)
) ENGINE=InnoDB DEFAULT CHARSET=utf8mb4 COLLATE=utf8mb4_unicode_ci;

LOCK TABLES `products` WRITE;
/*!40000 ALTER TABLE `products` DISABLE KEYS */;

INSERT INTO `products` (`id`, `name`, `detail`, `price`, `stock`, `discount`, `created_at`, `updated_at`)
VALUES
	(1,'sit','Et quo omnis impedit sed autem earum. Velit molestiae aut accusantium ut quia. Quia nobis vitae repudiandae ab adipisci.',463,9,7,'2018-02-24 06:34:33','2018-02-24 06:34:33'),
	(2,'impedit','Labore dolor vel dolor quia. In perspiciatis ut harum ab. Blanditiis facilis neque aut.',682,9,6,'2018-02-24 06:34:33','2018-02-24 06:34:33'),
	(3,'quia','Possimus unde natus vel ea fuga at dolorem. Autem ipsa tempora rerum et non quisquam et. Beatae necessitatibus ab adipisci facere id commodi repellendus numquam.',356,5,12,'2018-02-24 06:34:33','2018-02-24 06:34:33'),
	(4,'a','Ipsa labore itaque ipsam dolorem placeat voluptatem voluptatibus et. Illo vitae et et odio. Ea ab labore est fugiat.',665,4,8,'2018-02-24 06:34:33','2018-02-24 06:34:33'),
	(5,'ratione','Quis ut aut ipsam quasi aspernatur ipsa blanditiis. Autem enim libero nemo aut est facere corrupti. Earum quae voluptatum unde dolorem libero voluptatem voluptatem. Qui sit quae debitis iste. Molestias reiciendis dolore explicabo a similique ea magnam.',846,1,10,'2018-02-24 06:34:33','2018-02-24 06:34:33'),
	(6,'perferendis','Totam ut qui inventore ea iste totam in. Voluptatibus et qui corrupti dolores neque quam. Quia aperiam vitae omnis sint voluptas eius. Et dolorem vel beatae sequi.',155,6,18,'2018-02-24 06:34:33','2018-02-24 06:34:33'),
	(7,'culpa','Sit voluptate quo quo neque. Sequi aspernatur porro laborum eligendi magni vel. Minima exercitationem adipisci cumque magni nobis. Veniam tempore nobis sit ducimus.',345,4,13,'2018-02-24 06:34:33','2018-02-24 06:34:33'),
	(8,'cum','Voluptas dolorem illum illum et. Et laborum temporibus labore deleniti veniam dolorum. Eaque blanditiis voluptatem quisquam esse qui numquam totam quibusdam.',271,5,25,'2018-02-24 06:34:33','2018-02-24 06:34:33'),
	(9,'vitae','Alias aliquid sit quisquam necessitatibus. Quis consequatur ullam repellat. Recusandae rerum qui earum et. Quia quisquam beatae quae atque.',634,8,8,'2018-02-24 06:34:33','2018-02-24 06:34:33'),
	(10,'et','Commodi quo voluptatem non optio provident. In dolorem sapiente dolor quibusdam neque at occaecati dignissimos. Aliquid eligendi est ipsum esse et fugit.',600,2,4,'2018-02-24 06:34:33','2018-02-24 06:34:33'),
	(11,'voluptas','Assumenda sapiente eveniet et quisquam enim. Fuga rerum quis placeat possimus similique ratione voluptatum. Minima eius fugiat ratione saepe corrupti et. Tempora distinctio quis velit id praesentium blanditiis.',874,1,2,'2018-02-24 06:34:33','2018-02-24 06:34:33'),
	(12,'assumenda','Saepe dolor qui dolor ad nihil dolore. Ipsam illo eligendi omnis vel. Repudiandae eligendi aut repellendus qui iste eligendi in. Dicta reprehenderit animi tenetur.',537,7,7,'2018-02-24 06:34:33','2018-02-24 06:34:33'),
	(13,'quis','Laudantium accusantium dolores quisquam est alias hic esse. Magni libero doloremque vitae rerum vel consequatur. Blanditiis minima consequatur voluptates voluptatibus quo iste.',751,7,29,'2018-02-24 06:34:33','2018-02-24 06:34:33'),
	(14,'provident','Veniam et provident dolorem alias ipsum. Quia rerum provident expedita laborum est esse dolorem.',139,0,30,'2018-02-24 06:34:33','2018-02-24 06:34:33'),
	(15,'amet','Deleniti consequatur sunt nemo. Voluptatibus sunt debitis temporibus eius. Iste pariatur iusto voluptate architecto dignissimos nostrum. Laboriosam odit excepturi sint veritatis voluptatem harum.',589,0,10,'2018-02-24 06:34:33','2018-02-24 06:34:33'),
	(16,'voluptatibus','Molestiae deserunt reprehenderit totam est voluptatem expedita dolor labore. Quidem adipisci minus debitis. Aspernatur saepe fuga suscipit aut quo odit cupiditate. Voluptas ad non mollitia ullam aliquam. Ratione consequatur tempora pariatur eos debitis porro.',787,8,2,'2018-02-24 06:34:33','2018-02-24 06:34:33'),
	(17,'provident','Quasi officiis facilis eum omnis quod enim dolores. Et soluta sequi nobis earum sint praesentium. Accusantium doloribus nesciunt et architecto natus corporis.',931,1,20,'2018-02-24 06:34:33','2018-02-24 06:34:33'),
	(18,'mollitia','Non sunt rem et asperiores. Consequatur voluptatum modi voluptatem impedit ut qui enim nisi. Eos sit ut minima et occaecati facere natus.',411,6,18,'2018-02-24 06:34:33','2018-02-24 06:34:33'),
	(19,'minus','Ipsum culpa recusandae ut vitae. Consequatur error iste et est aliquid porro. Ex eos aut consequatur quis totam est qui.',155,9,8,'2018-02-24 06:34:33','2018-02-24 06:34:33'),
	(20,'unde','Odit consequatur reiciendis iusto eum autem quia qui incidunt. Repellendus perspiciatis impedit eaque accusantium officiis neque repellat voluptate. Porro laboriosam impedit dignissimos iste.',612,0,29,'2018-02-24 06:34:33','2018-02-24 06:34:33'),
	(21,'odit','Cumque libero officia amet et et. Esse sapiente quam quod repudiandae. Et fugit cumque cum exercitationem quis. Voluptatibus quasi aspernatur sunt id impedit corrupti recusandae ipsum.',934,8,26,'2018-02-24 06:34:33','2018-02-24 06:34:33'),
	(22,'quia','Repudiandae voluptatem sint laborum est in doloribus. Occaecati ut mollitia esse. Voluptatem blanditiis ad adipisci enim fugiat.',566,0,4,'2018-02-24 06:34:33','2018-02-24 06:34:33'),
	(23,'non','Sit perferendis dolorem dolores molestias voluptas. Voluptas aut facere et omnis nisi. Ad qui qui vel sint harum eius beatae doloribus. Tempora in aut itaque. Est aspernatur ea quod rerum quam sit doloremque.',469,2,14,'2018-02-24 06:34:33','2018-02-24 06:34:33'),
	(24,'consectetur','Sit dolorem consequuntur enim sint est voluptatum provident expedita. Adipisci eaque odio labore fugiat. Totam labore et dolores ipsam atque quia eaque. Dolorem est quia consectetur ab inventore et fugit.',771,4,22,'2018-02-24 06:34:33','2018-02-24 06:34:33'),
	(25,'quis','Excepturi repellat blanditiis voluptates ipsam non. Temporibus sint sit error quia sunt cumque non. Dolorem blanditiis ad blanditiis id dolores dolorem minima ea.',223,7,4,'2018-02-24 06:34:33','2018-02-24 06:34:33'),
	(26,'quia','Sit voluptatem fugiat ut qui sunt quasi magni. Nihil officiis vitae ipsa neque voluptatibus ut animi. Atque voluptas dignissimos iste et totam maxime eius.',118,1,18,'2018-02-24 06:34:33','2018-02-24 06:34:33'),
	(27,'quasi','Illum ut aliquam fuga ut blanditiis. Nemo qui sint ducimus eligendi omnis. Iste autem non perspiciatis enim.',208,0,10,'2018-02-24 06:34:33','2018-02-24 06:34:33'),
	(28,'rerum','Porro ut doloribus veniam sed praesentium provident eos. Ex dolores cupiditate qui voluptas hic provident magnam qui. Magni est quisquam est quam quia consequatur.',774,8,11,'2018-02-24 06:34:33','2018-02-24 06:34:33'),
	(29,'nemo','Laboriosam et in et tempora eveniet ea asperiores hic. Id ex dolore cumque iste aliquid autem. Velit qui eaque voluptates explicabo eligendi perspiciatis dignissimos. Culpa labore praesentium ea voluptas et vel et consequuntur. Ab quis laudantium aliquid consequatur consequuntur illum enim.',321,5,9,'2018-02-24 06:34:33','2018-02-24 06:34:33'),
	(30,'eveniet','At aut ducimus debitis. Et deleniti unde ipsam nulla magnam voluptatem perferendis. Illo totam minima odio minus iste facilis et. Quidem quisquam nulla vel.',395,3,2,'2018-02-24 06:34:33','2018-02-24 06:34:33'),
	(31,'voluptate','Et exercitationem illum non est perferendis dolorum. Aut provident laborum rem nihil occaecati excepturi. Et a saepe unde corrupti. Eveniet molestias natus rerum quis. Nam excepturi quia eos est suscipit sit.',500,8,18,'2018-02-24 06:34:33','2018-02-24 06:34:33'),
	(32,'fuga','Cumque eos ut repellat unde. Consequuntur occaecati quasi optio eos expedita. Aliquam soluta quia accusamus voluptates nesciunt. Deserunt sint quasi quia ex nobis.',234,6,28,'2018-02-24 06:34:33','2018-02-24 06:34:33'),
	(33,'ut','Rerum velit consequatur accusantium vero. Eum qui ab deserunt cum dignissimos error.',873,4,23,'2018-02-24 06:34:33','2018-02-24 06:34:33'),
	(34,'velit','Quis corrupti cupiditate est molestiae consectetur in aut. Dolorem praesentium eum et sed iusto. Deserunt ut omnis sit ut unde rerum. Enim perferendis ratione sit dolor ratione dolores nobis voluptate.',948,4,24,'2018-02-24 06:34:33','2018-02-24 06:34:33'),
	(35,'sequi','Nulla quasi totam eos. Sunt culpa et aut soluta rerum. Maiores ea harum magni officiis sapiente necessitatibus quo.',406,7,28,'2018-02-24 06:34:33','2018-02-24 06:34:33'),
	(36,'ducimus','Tempore veritatis minus voluptas beatae in cumque numquam. Eius velit voluptates ut sint rem qui. Est dolores neque qui voluptatem.',881,9,21,'2018-02-24 06:34:33','2018-02-24 06:34:33'),
	(37,'itaque','A quo voluptatem sunt quam qui nihil quia. Qui molestiae natus sapiente. Deleniti animi et consectetur recusandae. Qui explicabo reprehenderit aut consequuntur qui exercitationem blanditiis inventore.',648,8,5,'2018-02-24 06:34:33','2018-02-24 06:34:33'),
	(38,'sit','Commodi aliquid voluptas consequatur labore repudiandae. Vero dolore odit fugiat doloremque. Voluptatibus accusantium voluptatum temporibus libero accusamus facere impedit sint.',465,4,27,'2018-02-24 06:34:33','2018-02-24 06:34:33'),
	(39,'non','Consequuntur sit sunt dolor velit. Earum ad deleniti iure aut quia officia. Aut voluptates unde est est sunt.',871,3,29,'2018-02-24 06:34:33','2018-02-24 06:34:33'),
	(40,'voluptates','Repellendus assumenda molestiae iste voluptate reprehenderit ea blanditiis. Ratione facere officiis iure veniam repellat. Molestias et ex in inventore modi et.',881,4,14,'2018-02-24 06:34:33','2018-02-24 06:34:33'),
	(41,'aut','Officia repellat minima sunt. Est eos nobis eveniet aut. In dolor non sit consequatur aut natus.',199,1,4,'2018-02-24 06:34:33','2018-02-24 06:34:33'),
	(42,'animi','Saepe aut eius dolorem. Cupiditate libero accusantium animi voluptas doloremque. Dolorum in vel quo qui. Blanditiis eligendi neque assumenda quidem totam.',814,1,24,'2018-02-24 06:34:33','2018-02-24 06:34:33'),
	(43,'id','Qui magnam officiis saepe ullam autem. Autem officiis iusto praesentium quo sapiente et natus.',502,7,16,'2018-02-24 06:34:33','2018-02-24 06:34:33'),
	(44,'et','Veritatis corrupti voluptatem a rerum. Magnam eius deleniti eum fugit quidem. Ab voluptates dolores perspiciatis facere omnis hic assumenda. Consequatur accusantium animi quod cumque dolorem laboriosam.',365,4,7,'2018-02-24 06:34:33','2018-02-24 06:34:33'),
	(45,'id','Error vel ut nesciunt. Odit vel iusto id quae qui. Placeat autem qui est expedita eveniet.',979,9,5,'2018-02-24 06:34:33','2018-02-24 06:34:33'),
	(46,'sit','Rem ut quis modi est harum. Quo maiores et eius doloremque necessitatibus. Non natus ipsam accusamus cumque distinctio nihil et nisi. Nobis veniam quia et ipsam ipsam unde unde.',132,9,23,'2018-02-24 06:34:33','2018-02-24 06:34:33'),
	(47,'suscipit','Saepe quo nesciunt non. Cumque doloribus dolores et ea blanditiis laborum aut. Dolores perferendis tempore eius laborum. Voluptatum vel illum quaerat animi necessitatibus vel nihil.',776,6,5,'2018-02-24 06:34:33','2018-02-24 06:34:33'),
	(48,'dicta','Illo et dignissimos pariatur est laboriosam. Quae dolor quibusdam sunt quas. Recusandae tenetur officia aut animi.',209,7,7,'2018-02-24 06:34:33','2018-02-24 06:34:33'),
	(49,'rerum','In debitis et praesentium earum ut voluptatem dolor autem. Autem ipsum et dolor. Sint aut cumque aut officiis earum rem. Ipsa aliquid vel quisquam est repellat deserunt dolore.',517,3,15,'2018-02-24 06:34:33','2018-02-24 06:34:33'),
	(50,'impedit','Ea atque ad est repellendus et eum ipsum. A error aut ullam eligendi.',421,2,23,'2018-02-24 06:34:33','2018-02-24 06:34:33'),
	(51,'totam','Autem et perspiciatis dolorum dolorem sed. Quis recusandae dicta consequatur libero architecto et. Illo qui eos quasi quibusdam eos. Vitae quo consequatur quasi sint consectetur.',553,9,11,'2018-02-24 06:37:01','2018-02-24 06:37:01'),
	(52,'id','Ut qui sed nemo. Et voluptatem earum consequatur voluptas omnis et saepe. Impedit aut cumque dolore voluptatem quos. Placeat deserunt adipisci tempora nihil.',504,0,18,'2018-02-24 06:37:02','2018-02-24 06:37:02'),
	(53,'numquam','Ut voluptatem et quas consequatur beatae sunt sint odit. Iure cum a quia laborum reprehenderit nulla vitae. Quidem dolores et excepturi doloremque fuga consequatur. Quaerat aut in ducimus voluptatem et debitis.',658,2,23,'2018-02-24 06:37:02','2018-02-24 06:37:02'),
	(54,'earum','Rerum error sit ipsum ut enim ea. Optio inventore occaecati et omnis hic expedita qui. Minima aut ea nulla necessitatibus. Dolor quia labore provident totam.',981,3,27,'2018-02-24 06:37:02','2018-02-24 06:37:02'),
	(55,'nam','Non enim deleniti similique mollitia. Est impedit possimus explicabo. Vel non quidem accusamus qui voluptatem laboriosam. Eum nam ullam qui non ex minima velit.',182,4,26,'2018-02-24 06:37:02','2018-02-24 06:37:02'),
	(56,'quia','Nostrum commodi voluptatem odit officiis. Laudantium cum laboriosam accusamus. Optio et ullam totam placeat aut. Non iste reiciendis voluptatem illum.',428,3,27,'2018-02-24 06:37:02','2018-02-24 06:37:02'),
	(57,'temporibus','Qui doloribus voluptatem architecto pariatur corporis voluptas distinctio. Quia voluptatem consequatur magnam ea velit esse. Libero asperiores quas exercitationem quia voluptatibus soluta.',179,3,28,'2018-02-24 06:37:02','2018-02-24 06:37:02'),
	(58,'dolor','Qui totam aperiam suscipit facilis. Libero et sint ducimus. Officiis eligendi ipsa et omnis. Quia autem sed est et error perferendis.',155,0,4,'2018-02-24 06:37:02','2018-02-24 06:37:02'),
	(59,'magni','Est commodi id sed. Et autem numquam numquam at. Iste sint est nam aliquam.',185,5,2,'2018-02-24 06:37:02','2018-02-24 06:37:02'),
	(60,'ipsum','Sit dolor quos aliquam est maxime vel. Repellendus odit cupiditate et hic sit. Natus voluptates est aliquam fugiat et sint vel.',702,9,15,'2018-02-24 06:37:02','2018-02-24 06:37:02'),
	(61,'mollitia','Provident et deserunt in ea non quae rem. Quis nihil doloremque omnis aliquam. Quis ipsum sunt nisi sint quasi nostrum.',100,5,20,'2018-02-24 06:37:02','2018-02-24 06:37:02'),
	(62,'esse','Ut autem inventore consequatur deserunt quod eum in. At illo quae et cum placeat tempora reiciendis. Voluptatem nesciunt ratione tempore et placeat voluptatem. Necessitatibus non ex facilis sint consequuntur qui.',857,6,24,'2018-02-24 06:37:02','2018-02-24 06:37:02'),
	(63,'assumenda','Voluptates eaque debitis ex facere molestias modi iusto. Eum nisi veniam vel repellendus sint. Excepturi saepe nesciunt possimus consequatur.',616,5,21,'2018-02-24 06:37:02','2018-02-24 06:37:02'),
	(64,'nihil','Accusantium aut aspernatur rem voluptas et vitae aut. Ea temporibus ipsa nemo atque. Voluptatem doloremque blanditiis eos sunt quasi. Eos et reiciendis dolorem voluptas nihil ut animi.',106,6,22,'2018-02-24 06:37:02','2018-02-24 06:37:02'),
	(65,'necessitatibus','Sunt sit qui dicta et dolore. Numquam corporis corrupti provident ratione. Iusto quia quaerat vel. Dolorum eum et et qui consequatur labore qui.',726,7,20,'2018-02-24 06:37:02','2018-02-24 06:37:02'),
	(66,'explicabo','Deserunt et aut tempora quis cupiditate dicta. Repellendus illo et itaque. Totam mollitia ut odit dolore id et sit. Ea ea non cupiditate perferendis.',986,5,7,'2018-02-24 06:37:02','2018-02-24 06:37:02'),
	(67,'quia','Placeat quasi libero et laborum. Rerum debitis aliquam nostrum officiis qui quis rerum quibusdam. In sequi consequatur nihil soluta dicta voluptas incidunt.',757,2,13,'2018-02-24 06:37:02','2018-02-24 06:37:02'),
	(68,'dolor','Quia cumque facere similique atque. Non corrupti excepturi vel cumque. Aspernatur dolorum et dicta vero. Et esse non odio amet aliquam vel.',902,5,9,'2018-02-24 06:37:02','2018-02-24 06:37:02'),
	(69,'esse','Error consectetur quia accusamus eos. Blanditiis quasi illum praesentium voluptates incidunt quo veniam minima. Est vel provident est dicta facilis eum error.',896,8,6,'2018-02-24 06:37:02','2018-02-24 06:37:02'),
	(70,'quod','Id consequatur omnis autem velit laudantium qui aut aperiam. Quia cum cumque excepturi exercitationem assumenda quod quo. Excepturi placeat asperiores nihil ex pariatur fugit repudiandae. Aut laboriosam dolor enim quia dolores quia.',317,0,7,'2018-02-24 06:37:02','2018-02-24 06:37:02'),
	(71,'architecto','Beatae laudantium labore tempore quos eveniet. Ipsam quos qui doloremque est repellat laboriosam. Harum voluptas voluptates voluptatibus quidem neque quia.',586,2,2,'2018-02-24 06:37:02','2018-02-24 06:37:02'),
	(72,'quaerat','Blanditiis expedita molestias occaecati qui. Eos aliquam molestiae id. Corrupti eum quam autem velit. Qui eligendi odit dignissimos et aliquam.',803,1,26,'2018-02-24 06:37:02','2018-02-24 06:37:02'),
	(73,'et','Illo et accusantium quia impedit nisi et. Officiis expedita aut voluptatem qui tempora cum.',801,6,29,'2018-02-24 06:37:02','2018-02-24 06:37:02'),
	(74,'ut','Nostrum sed consequatur reiciendis facilis. Delectus sit molestiae in autem dolorem eos voluptatum. Doloremque occaecati tempore ut quam.',590,9,8,'2018-02-24 06:37:02','2018-02-24 06:37:02'),
	(75,'nostrum','Totam quam et tempore ea distinctio dolores. Maiores incidunt at et fugiat sed. Dolorum enim consequuntur sed aut. Occaecati officiis eos a qui tempora quas praesentium. Nostrum enim recusandae cupiditate sit voluptatem.',800,6,28,'2018-02-24 06:37:02','2018-02-24 06:37:02'),
	(76,'molestias','Odio modi eum dicta tempore laudantium non. Sunt provident impedit tempore est. Eveniet praesentium perferendis magni aspernatur omnis aliquid quos magni. Non sunt quia in vel deserunt corporis necessitatibus.',956,5,27,'2018-02-24 06:37:02','2018-02-24 06:37:02'),
	(77,'adipisci','Quis tenetur est facere voluptas enim quia dolor. Ea asperiores ea sint porro quidem reiciendis. Cupiditate nemo rerum ullam eos deserunt sequi doloremque.',172,1,15,'2018-02-24 06:37:02','2018-02-24 06:37:02'),
	(78,'et','Non et voluptatibus qui maiores vero sequi voluptas. Voluptates illum molestiae quia. Qui est nihil pariatur dolore.',438,2,24,'2018-02-24 06:37:02','2018-02-24 06:37:02'),
	(79,'quo','Id consequatur deserunt et aut placeat consequatur. Cumque quaerat eos aspernatur excepturi qui. Veniam doloremque laborum consequatur.',558,6,17,'2018-02-24 06:37:02','2018-02-24 06:37:02'),
	(80,'aut','Ea ea unde rerum perspiciatis dolorum dolor cumque. Possimus consequatur asperiores a quas voluptatibus explicabo. Voluptatem consectetur ea dicta qui beatae quia labore.',245,9,25,'2018-02-24 06:37:02','2018-02-24 06:37:02'),
	(81,'omnis','Pariatur tempora eius voluptatem eum voluptatem. Repellat est est aut facere error ullam. Atque eos tempora repellendus. Libero velit repellendus aut quisquam ea nesciunt.',774,5,25,'2018-02-24 06:37:02','2018-02-24 06:37:02'),
	(82,'nemo','Est impedit optio temporibus ea voluptatum dolor illo. Porro exercitationem ab eius aliquam aut qui. Explicabo aperiam accusamus et. Sed facere nihil velit.',983,6,22,'2018-02-24 06:37:02','2018-02-24 06:37:02'),
	(83,'repellat','Ipsa debitis est non quod vel. Rerum eius dolore et qui voluptas. Cum et et libero dolor et. Inventore libero quia dolorem.',944,9,27,'2018-02-24 06:37:02','2018-02-24 06:37:02'),
	(84,'nulla','Voluptatem reprehenderit fugit quia itaque quidem aut natus qui. Vitae quisquam explicabo dolor saepe sint minima qui. Vitae qui aut possimus veritatis velit rem. Sit ad qui eaque deleniti et ut et.',302,2,21,'2018-02-24 06:37:02','2018-02-24 06:37:02'),
	(85,'nam','Expedita aliquid itaque est mollitia. Sequi dolores vitae quaerat voluptatem cum aut sapiente. Debitis ducimus vel quisquam facere sunt.',870,4,30,'2018-02-24 06:37:02','2018-02-24 06:37:02'),
	(86,'doloribus','Dolorem qui aut odit porro. Rem in eum et fuga et repellendus saepe. Ipsam soluta ut repellat laudantium molestiae fuga fugit. Autem non vitae soluta voluptas dolores ut quos. Nihil ipsa ea voluptas odio autem.',129,5,3,'2018-02-24 06:37:02','2018-02-24 06:37:02'),
	(87,'sequi','Maiores odio quia iusto esse delectus voluptas. Quos omnis blanditiis necessitatibus illum eos eos repellat. Nihil natus minus magni officiis.',628,0,17,'2018-02-24 06:37:02','2018-02-24 06:37:02'),
	(88,'sed','Doloribus rerum quis magni laudantium culpa eligendi. Quia placeat repellat quia molestiae. Aut maxime enim cum sit ducimus animi dolore. Dolorem minima quod eaque numquam voluptatem est.',642,8,25,'2018-02-24 06:37:02','2018-02-24 06:37:02'),
	(89,'esse','Neque voluptatem et iste et maxime vel voluptate. Dicta in dolorem non nulla distinctio esse. A non consequatur et.',388,1,12,'2018-02-24 06:37:02','2018-02-24 06:37:02'),
	(90,'ea','Provident sunt temporibus id cupiditate rerum. Et harum voluptate placeat. Soluta quisquam eius qui. Quos laudantium quia exercitationem cupiditate illo qui.',250,7,16,'2018-02-24 06:37:02','2018-02-24 06:37:02'),
	(91,'tenetur','Illum commodi repudiandae soluta voluptatem molestias. Quae dolorum ipsam voluptatem. Aut ut perferendis quaerat quia magni ipsa.',862,3,11,'2018-02-24 06:37:02','2018-02-24 06:37:02'),
	(92,'voluptas','Sapiente corporis eum ea. Autem et nesciunt rerum inventore quia eum. Aut recusandae excepturi autem ullam nihil rerum.',948,7,9,'2018-02-24 06:37:02','2018-02-24 06:37:02'),
	(93,'repudiandae','Ab est deserunt quo deleniti odit. Aut qui quia laborum. Nulla quaerat eius aut nam nisi quod.',337,5,12,'2018-02-24 06:37:02','2018-02-24 06:37:02'),
	(94,'praesentium','Et facilis pariatur perferendis deleniti perspiciatis. Possimus non sequi et est. Nihil non corrupti ab qui natus. Nobis distinctio repudiandae minus aperiam.',398,9,15,'2018-02-24 06:37:02','2018-02-24 06:37:02'),
	(95,'molestiae','Qui quae voluptatem eligendi qui illo voluptatem. Ullam excepturi illo facilis sint. Vero non mollitia itaque est illum et in.',580,4,29,'2018-02-24 06:37:02','2018-02-24 06:37:02'),
	(96,'ad','Et laborum tenetur et qui alias tempora reprehenderit. Dicta incidunt vel ea corrupti eaque assumenda maxime.',653,5,20,'2018-02-24 06:37:02','2018-02-24 06:37:02'),
	(97,'natus','Omnis non debitis est eum commodi sed eum. Est qui sunt libero nemo quasi sint. Ipsam temporibus incidunt laborum voluptatem.',197,8,13,'2018-02-24 06:37:02','2018-02-24 06:37:02'),
	(98,'officiis','Nesciunt nisi soluta aut aut nihil. Voluptatem ipsam neque veritatis non. Officiis dolorum explicabo quisquam dicta. Ipsam dolorum sequi velit autem voluptatum quidem ut.',425,8,6,'2018-02-24 06:37:02','2018-02-24 06:37:02'),
	(99,'illum','Sed voluptas laboriosam laborum et doloribus vel ducimus. Autem impedit ea aspernatur rerum corrupti et illo iste. Harum atque et qui natus cum sed illo.',775,4,7,'2018-02-24 06:37:02','2018-02-24 06:37:02'),
	(100,'molestiae','Similique aut ut unde quaerat laboriosam. Adipisci enim aperiam minima inventore.',228,6,8,'2018-02-24 06:37:02','2018-02-24 06:37:02');

/*!40000 ALTER TABLE `products` ENABLE KEYS */;
UNLOCK TABLES;


# Dump of table reviews
# ------------------------------------------------------------

DROP TABLE IF EXISTS `reviews`;

CREATE TABLE `reviews` (
  `id` int(10) unsigned NOT NULL AUTO_INCREMENT,
  `product_id` int(10) unsigned NOT NULL,
  `customer` varchar(255) COLLATE utf8mb4_unicode_ci NOT NULL,
  `review` text COLLATE utf8mb4_unicode_ci NOT NULL,
  `star` int(11) NOT NULL,
  `created_at` timestamp NULL DEFAULT NULL,
  `updated_at` timestamp NULL DEFAULT NULL,
  PRIMARY KEY (`id`),
  KEY `reviews_product_id_index` (`product_id`),
  CONSTRAINT `reviews_product_id_foreign` FOREIGN KEY (`product_id`) REFERENCES `products` (`id`) ON DELETE CASCADE
) ENGINE=InnoDB DEFAULT CHARSET=utf8mb4 COLLATE=utf8mb4_unicode_ci;

LOCK TABLES `reviews` WRITE;
/*!40000 ALTER TABLE `reviews` DISABLE KEYS */;

INSERT INTO `reviews` (`id`, `product_id`, `customer`, `review`, `star`, `created_at`, `updated_at`)
VALUES
	(1,74,'Prof. Lula Klocko V','Eos et aut et quae qui. Neque autem iure pariatur quaerat molestias. Temporibus minima et ullam sed sapiente ut nihil praesentium.',0,'2018-02-24 06:37:03','2018-02-24 06:37:03'),
	(2,36,'Gordon Kuhic DVM','Et vel nihil vel esse libero tempora soluta. Esse nihil molestiae porro beatae in tempora quidem. Quae dolor quibusdam saepe. Doloremque vel fugit nihil sed. Ab amet voluptatum dolorem veritatis.',2,'2018-02-24 06:37:07','2018-02-24 06:37:07'),
	(3,71,'Armand Huels','Voluptas rem molestiae et deleniti consequatur voluptas deserunt. Adipisci et quisquam quia ipsam adipisci libero voluptatem. Velit rerum rem iste repudiandae aut omnis et. Repellendus qui totam et quis fugit enim mollitia.',1,'2018-02-24 06:37:07','2018-02-24 06:37:07'),
	(4,80,'Santiago Sanford','Est aliquam unde saepe molestiae eos repudiandae veniam. Inventore ut reprehenderit aut doloribus quis facilis possimus. Autem dolores unde velit aut rem. Cupiditate neque sunt ipsam corrupti id optio enim.',2,'2018-02-24 06:37:07','2018-02-24 06:37:07'),
	(5,72,'Dr. Emmy Carter','Distinctio blanditiis cupiditate corrupti odit. Sequi libero voluptatem voluptatem maiores nostrum et sequi. Ut ea aut dignissimos amet. Eveniet ipsam et maxime voluptatem sed.',3,'2018-02-24 06:37:07','2018-02-24 06:37:07'),
	(6,3,'Julie Beahan','Eum autem nisi aut et. Rem expedita est aut sed eius hic mollitia. Officiis voluptatem deserunt optio harum.',1,'2018-02-24 06:37:07','2018-02-24 06:37:07'),
	(7,5,'Emerald Schowalter','Sunt repellat et molestiae aut. Eius quia voluptatum ex tenetur laboriosam. Odit illo distinctio eligendi omnis sit.',1,'2018-02-24 06:37:07','2018-02-24 06:37:07'),
	(8,30,'Mr. Ricardo Stamm MD','Omnis dolore cum officiis placeat. Sunt iste beatae reprehenderit sunt nam perspiciatis. Dolorem sapiente debitis ipsam assumenda et repellendus quia. Atque architecto deserunt aut et labore. Error sunt enim consequuntur sit.',4,'2018-02-24 06:37:07','2018-02-24 06:37:07'),
	(9,50,'Mr. Jerald Haag MD','Ut aut facilis omnis consequatur et voluptate in vel. Tenetur maxime nesciunt rerum doloremque. Sit rerum quia impedit consequatur.',5,'2018-02-24 06:37:07','2018-02-24 06:37:07'),
	(10,77,'Shana Waelchi','Molestiae sapiente sed illum hic quia. Enim asperiores sint commodi est ea esse nesciunt. Consequatur ipsa aut eius voluptas necessitatibus eos reprehenderit. Nemo quos natus rerum maiores omnis.',4,'2018-02-24 06:37:07','2018-02-24 06:37:07'),
	(11,38,'Ona Wehner','Explicabo aperiam veritatis non repellendus nobis magnam atque. Expedita voluptatum id distinctio ut impedit. Facere in est numquam molestiae id ex nulla. Exercitationem nemo quam fuga laborum.',2,'2018-02-24 06:37:07','2018-02-24 06:37:07'),
	(12,92,'Dejon Homenick','Ipsam omnis sit voluptas nihil minima placeat. Blanditiis facere perferendis sit eum amet et et. Quisquam vel veniam minima a facere vel dignissimos.',4,'2018-02-24 06:37:07','2018-02-24 06:37:07'),
	(13,28,'Rosamond Lind DDS','Voluptatibus molestiae consequuntur minima quam perferendis quia impedit. Dolores pariatur deserunt fugit accusamus quia soluta. Velit et et aut minima.',4,'2018-02-24 06:37:07','2018-02-24 06:37:07'),
	(14,57,'Dr. Bennie Jacobs','Autem perferendis deleniti vitae qui ratione ut vitae autem. Illo similique occaecati repellendus. Veritatis veniam est vero et.',2,'2018-02-24 06:37:07','2018-02-24 06:37:07'),
	(15,33,'Prof. Talia Stracke DDS','Eos et voluptatibus ut. Est labore ea quaerat autem. Enim quidem quas dolor. Perspiciatis debitis esse autem voluptas aut omnis.',3,'2018-02-24 06:37:07','2018-02-24 06:37:07'),
	(16,68,'Jade Weissnat DDS','Hic dicta vel ut laborum. Nesciunt alias dolor culpa dolorum. Odio dolores accusamus quis quo facere cum voluptatem.',5,'2018-02-24 06:37:07','2018-02-24 06:37:07'),
	(17,20,'Marina Cremin','Sapiente ipsum non necessitatibus incidunt ex. Aut architecto alias tempora minima. Aut consectetur in possimus neque voluptas. Et fugiat sed ut nisi et voluptatem ex. Cupiditate delectus facere exercitationem impedit temporibus.',5,'2018-02-24 06:37:07','2018-02-24 06:37:07'),
	(18,37,'Miss Retta Bechtelar DDS','Et et porro voluptate optio odio. Odio vel qui esse est. Unde deserunt et ut sed neque. Qui itaque neque rerum rem vel et accusamus.',0,'2018-02-24 06:37:07','2018-02-24 06:37:07'),
	(19,8,'Elvera Flatley IV','Consequuntur debitis explicabo nobis cum explicabo. Vitae commodi est molestiae pariatur sit architecto est tenetur. Eos mollitia neque aut minus facere asperiores id.',4,'2018-02-24 06:37:07','2018-02-24 06:37:07'),
	(20,42,'Prof. Elsie Eichmann','Nobis et eius ut aspernatur non. Aliquam veritatis vel molestiae ratione id eligendi non.',5,'2018-02-24 06:37:07','2018-02-24 06:37:07'),
	(21,15,'Tommie Klocko I','Aperiam sint odio placeat. Ipsa incidunt molestiae in. Esse vero ut delectus nemo ipsum quo eos fugit.',0,'2018-02-24 06:37:07','2018-02-24 06:37:07'),
	(22,3,'Kenton Bernhard','Sint similique possimus sit ut rerum esse. Inventore id vel aut accusantium consequatur dolores. Expedita voluptas ipsum incidunt. Consequatur aut voluptate ad quis quia vero.',3,'2018-02-24 06:37:07','2018-02-24 06:37:07'),
	(23,45,'Maritza Ernser','Maxime quia dicta fugit. Corporis pariatur corrupti assumenda nihil dolores labore.',5,'2018-02-24 06:37:07','2018-02-24 06:37:07'),
	(24,80,'Millie Doyle','Error tempora officiis vitae iure quam quam numquam. Laudantium sed molestiae velit rerum minus. Debitis voluptates voluptatem ab hic voluptatem autem similique similique.',5,'2018-02-24 06:37:07','2018-02-24 06:37:07'),
	(25,86,'Adell Wilderman','Quis qui quidem fuga est dolores quis. Velit non eaque soluta aut a laboriosam omnis. Vel eaque inventore voluptas ratione id quis rerum. Ea nobis enim ipsam consequatur ut animi.',2,'2018-02-24 06:37:07','2018-02-24 06:37:07'),
	(26,71,'Brendan Considine','Vel modi facilis eos unde voluptatum eligendi culpa. Molestias eos libero exercitationem laudantium. In sunt eaque non dolores sunt fuga.',4,'2018-02-24 06:37:07','2018-02-24 06:37:07'),
	(27,61,'Annabel Legros','Hic id eum aut magnam cumque id. Perferendis et maiores reprehenderit nihil voluptatem. Officia non sint tempora non voluptates officia fugiat.',1,'2018-02-24 06:37:07','2018-02-24 06:37:07'),
	(28,54,'Dr. Hubert Heaney DVM','Saepe explicabo ea laudantium vero. Repellat expedita consequatur in. Est omnis distinctio eos placeat. Laborum minima voluptatem minima reiciendis.',1,'2018-02-24 06:37:07','2018-02-24 06:37:07'),
	(29,9,'Suzanne Ankunding','Placeat sint sit veritatis doloribus quod unde libero. Eos architecto nam perspiciatis ut sit ad. Commodi quis quo quia ipsa eos in nostrum. Dolore nisi illo quaerat facere natus dolorum et.',5,'2018-02-24 06:37:07','2018-02-24 06:37:07'),
	(30,84,'Irving Roob','Nostrum sit eaque et vel. Non impedit ea necessitatibus. Eos et placeat voluptates illum et culpa. Dolore quod et dignissimos non necessitatibus reprehenderit.',4,'2018-02-24 06:37:07','2018-02-24 06:37:07'),
	(31,67,'Cloyd Kuvalis PhD','Suscipit voluptate ratione consequuntur possimus dolor hic quisquam illum. Quia rerum rerum iusto quam sunt est illum. Et unde aut harum omnis ea. Molestias libero sequi nisi accusantium sint.',4,'2018-02-24 06:37:07','2018-02-24 06:37:07'),
	(32,78,'Porter Yundt','Odit adipisci quasi est suscipit ut tempore sint. Ut cupiditate quos explicabo natus nesciunt tenetur. Sequi dolor voluptate quia nihil sed praesentium. Incidunt sequi cumque sit praesentium unde reiciendis repudiandae.',5,'2018-02-24 06:37:07','2018-02-24 06:37:07'),
	(33,35,'Ansel Wyman','Mollitia molestias eius autem qui consequatur officiis recusandae. Eos omnis reiciendis aut pariatur. Explicabo eos ad quia odio nulla.',5,'2018-02-24 06:37:07','2018-02-24 06:37:07'),
	(34,2,'Mr. Nelson Schultz','Molestiae qui in amet voluptatum doloribus aut deleniti. Non soluta id fuga repellendus voluptatibus. Corporis fugiat est veniam quas minus omnis sapiente. Provident quaerat consequuntur molestiae iure amet modi.',2,'2018-02-24 06:37:07','2018-02-24 06:37:07'),
	(35,30,'Leif Effertz','Quasi vitae consectetur inventore deserunt adipisci et. Voluptas esse reprehenderit ut. Sit tenetur odit qui natus.',5,'2018-02-24 06:37:07','2018-02-24 06:37:07'),
	(36,30,'Aurelio Little','Assumenda sed dignissimos blanditiis quas. Commodi rerum ut reprehenderit architecto. Eum provident a quo nobis.',4,'2018-02-24 06:37:07','2018-02-24 06:37:07'),
	(37,29,'Alford Stoltenberg','Autem voluptatem tempora quisquam sunt et perferendis rerum. Sit debitis voluptate velit harum. A consequatur vero voluptatum est voluptas consequuntur autem eos.',3,'2018-02-24 06:37:07','2018-02-24 06:37:07'),
	(38,23,'Shanon Ruecker','Culpa consectetur officiis sit laudantium nemo enim. Nobis voluptas cumque vel tenetur hic voluptate. Itaque laboriosam ullam modi velit cumque dolor perspiciatis. Asperiores sunt harum iusto similique aperiam qui.',5,'2018-02-24 06:37:07','2018-02-24 06:37:07'),
	(39,4,'Mrs. Christelle Williamson IV','Sint sunt sed numquam. Dicta culpa debitis consequatur optio. Numquam eum sit quo voluptatibus. Reiciendis modi maiores quibusdam possimus et porro id omnis.',5,'2018-02-24 06:37:07','2018-02-24 06:37:07'),
	(40,97,'Mrs. Virgie Lueilwitz V','Illum libero et accusantium. Deserunt qui id amet natus minima. Et alias suscipit qui voluptatibus excepturi. Ut ut est et. Accusantium qui esse dolor consequuntur autem.',3,'2018-02-24 06:37:07','2018-02-24 06:37:07'),
	(41,7,'Myron Romaguera','Natus non dolores recusandae dolore nobis. Iusto ad voluptas sunt. Non possimus et consequatur vel a doloremque.',2,'2018-02-24 06:37:07','2018-02-24 06:37:07'),
	(42,45,'Rubye Koch DVM','Et quis occaecati tenetur. Ratione consequuntur aspernatur nemo autem fuga. Vitae quaerat ipsam qui dolor a qui. Sit ut fugiat nam cupiditate.',4,'2018-02-24 06:37:07','2018-02-24 06:37:07'),
	(43,46,'Dr. Mack Yost DDS','Et modi repellat nam ullam eum assumenda quidem. Rem vitae ut et ut. Temporibus placeat aspernatur eum expedita et. Quod ratione eligendi minima omnis autem sed nobis totam.',3,'2018-02-24 06:37:07','2018-02-24 06:37:07'),
	(44,68,'Doris Sawayn','Laborum non iure porro omnis. Dolorum eveniet nesciunt aut. Praesentium nemo nulla odio deserunt laudantium omnis tempore. Non beatae repudiandae veniam.',3,'2018-02-24 06:37:07','2018-02-24 06:37:07'),
	(45,52,'Kenton Hilpert','Soluta nihil et sint omnis. Incidunt enim qui tempora fugit culpa vel aperiam. Voluptatum eum et voluptates adipisci praesentium modi aut.',3,'2018-02-24 06:37:07','2018-02-24 06:37:07'),
	(46,70,'Garrison Pfeffer','Qui eum impedit eos voluptatem officiis id ipsa. Quis sed consectetur consequatur. Quis quis voluptatibus suscipit. Sed ipsa fuga sit officiis fugiat deserunt commodi.',0,'2018-02-24 06:37:07','2018-02-24 06:37:07'),
	(47,14,'Annabel Crist','Quos fugit iusto exercitationem vel nisi quos nesciunt. Eos et consequatur quaerat sunt iusto illum reiciendis. Placeat quis sequi occaecati earum accusamus illo adipisci. Tenetur laboriosam voluptas nihil reprehenderit deleniti qui nulla.',3,'2018-02-24 06:37:07','2018-02-24 06:37:07'),
	(48,22,'Mr. Kamron Terry MD','Et fugiat dolor et hic rerum reiciendis quaerat. Voluptatem praesentium sit consequatur libero illum. Ipsum et quibusdam vel eaque. Quo recusandae quo aut quisquam recusandae quod sed.',3,'2018-02-24 06:37:07','2018-02-24 06:37:07'),
	(49,51,'Elwin Jones','Quia magni voluptas provident temporibus nisi non. Ratione ut mollitia debitis. Dolores perspiciatis aut eveniet cumque pariatur. Odio officia ipsum sequi delectus rerum vel voluptas.',4,'2018-02-24 06:37:07','2018-02-24 06:37:07'),
	(50,21,'Edwardo Bernhard','Fuga cupiditate tempore mollitia assumenda odit. Et dolorem in maiores voluptate ut est. Impedit reprehenderit et suscipit aliquid qui et. Sed voluptatem ab odit et magnam.',0,'2018-02-24 06:37:07','2018-02-24 06:37:07'),
	(51,16,'Drake Koss','Praesentium molestias doloribus earum dolor tenetur iure sequi. Ea vel nesciunt est eum consequatur. Quae atque molestias dolores aut.',2,'2018-02-24 06:37:07','2018-02-24 06:37:07'),
	(52,8,'Mr. Lon Hickle III','Explicabo error asperiores qui laudantium maiores veritatis inventore. Voluptatem eius autem deserunt provident et rerum itaque nostrum.',1,'2018-02-24 06:37:07','2018-02-24 06:37:07'),
	(53,76,'Maude Krajcik','Harum qui sed perferendis dolorem consequatur aperiam. Quam vel laudantium harum et officia. Vel asperiores officia expedita ipsam alias voluptatibus ut.',5,'2018-02-24 06:37:07','2018-02-24 06:37:07'),
	(54,79,'Genoveva Reilly','Modi fuga tempora eveniet et occaecati est libero. Qui vel eius qui rem reiciendis laborum adipisci in. Fugiat ut dolor nobis consequuntur nam. Facilis officia sit quas quis dolores minus.',3,'2018-02-24 06:37:07','2018-02-24 06:37:07'),
	(55,28,'Prof. Vivienne Heaney','Commodi dolores voluptatem sunt iure quis fugit. Illum voluptatum doloremque qui eos impedit qui nobis. Qui et rem voluptas non. Voluptates iure voluptatem esse qui voluptates. Laudantium voluptatem reiciendis eum molestias dolores dignissimos.',2,'2018-02-24 06:37:07','2018-02-24 06:37:07'),
	(56,98,'Mr. Ernie Auer','Rerum aspernatur magnam animi temporibus suscipit ipsam. Est sed distinctio praesentium aut minus commodi sit enim. Voluptate voluptas vel quam eos quas. Praesentium aut tenetur vero repellendus. Asperiores eum perferendis qui ut id dignissimos.',2,'2018-02-24 06:37:07','2018-02-24 06:37:07'),
	(57,52,'Mrs. Kira Johns','Rerum fugiat harum doloremque molestiae beatae illo qui. Perspiciatis temporibus debitis est praesentium necessitatibus totam laudantium. Labore autem vero adipisci vel rerum architecto.',2,'2018-02-24 06:37:07','2018-02-24 06:37:07'),
	(58,63,'Nelson Schiller','Quisquam reiciendis est qui dolore sunt corrupti. Neque in sint qui nihil illo et. Voluptas quod iure omnis nihil eos saepe quasi. Et harum iusto illo repellat cum maiores doloribus. Omnis nemo mollitia aspernatur et consequatur.',3,'2018-02-24 06:37:07','2018-02-24 06:37:07'),
	(59,48,'Prof. Valentina Streich DVM','Ut dignissimos fugiat earum minima quia ad. Natus sit et in sit. Eligendi enim vel cupiditate alias quos sit tempora.',2,'2018-02-24 06:37:07','2018-02-24 06:37:07'),
	(60,42,'Jade Monahan','Voluptatem dolores doloribus dignissimos sunt velit. Tempore ullam laborum sit voluptatem non cum aut. Necessitatibus reiciendis aut doloremque aut possimus voluptatem sed culpa.',3,'2018-02-24 06:37:07','2018-02-24 06:37:07'),
	(61,14,'Juston Purdy','Autem aut et dolores tempora praesentium rem cum. Exercitationem et placeat culpa commodi dolores vero. Expedita qui perferendis cum officiis eum tempora laborum illo.',4,'2018-02-24 06:37:07','2018-02-24 06:37:07'),
	(62,84,'Herta O\'Hara','Quo recusandae porro repudiandae qui dolorem fuga. Excepturi labore dolorem harum dolores qui. Eum reiciendis quas iure incidunt error optio est. Quas hic incidunt eum rerum soluta.',0,'2018-02-24 06:37:07','2018-02-24 06:37:07'),
	(63,83,'Abby Gutmann','In numquam sapiente quos accusamus explicabo rerum et. Nobis architecto iste recusandae sunt voluptatem non delectus. Itaque iure autem harum magnam quos.',5,'2018-02-24 06:37:07','2018-02-24 06:37:07'),
	(64,51,'Lilian Klocko','Nemo inventore impedit maxime. Eos ut assumenda inventore porro assumenda accusantium voluptatem quas. Atque dolorum quia rerum et.',2,'2018-02-24 06:37:07','2018-02-24 06:37:07'),
	(65,71,'Lou Beahan','Natus in reiciendis quo numquam molestias distinctio commodi dolorem. Recusandae ducimus nisi veniam et accusantium ut explicabo. Est est quia rerum adipisci itaque laudantium quisquam vel.',5,'2018-02-24 06:37:07','2018-02-24 06:37:07'),
	(66,93,'Lavinia Gibson','Voluptates occaecati sapiente non earum ullam autem. Ex et impedit fugit. Eum dolorem est sequi et et voluptatum. Consequatur aperiam sapiente quidem numquam laborum doloribus quas.',4,'2018-02-24 06:37:07','2018-02-24 06:37:07'),
	(67,36,'Maeve Simonis','Rem voluptate et maxime sint dignissimos molestias ipsam. Asperiores similique accusantium rerum odit. Beatae ad minus quidem et.',5,'2018-02-24 06:37:07','2018-02-24 06:37:07'),
	(68,28,'Kim Quigley','Exercitationem sed illum voluptatem delectus assumenda perspiciatis. Vero tempora sed dolores a molestias. Aspernatur omnis amet facilis cum animi saepe minus.',2,'2018-02-24 06:37:07','2018-02-24 06:37:07'),
	(69,96,'Vivienne Deckow','Aut eum laboriosam excepturi autem. Aperiam assumenda doloremque eaque odit architecto enim inventore. Et et doloremque facere odit quia facere.',4,'2018-02-24 06:37:07','2018-02-24 06:37:07'),
	(70,56,'Mercedes Dooley III','Expedita et expedita dolorum cum. Sit rerum quo excepturi facilis sit et accusamus. Odit et rem non quas ut blanditiis autem.',2,'2018-02-24 06:37:07','2018-02-24 06:37:07'),
	(71,13,'Herminia Ratke','Cum dignissimos qui porro corporis reiciendis sed aliquam. Corrupti ipsa nulla exercitationem sint autem deserunt sed. Earum at aut est est et.',2,'2018-02-24 06:37:07','2018-02-24 06:37:07'),
	(72,52,'Dr. Idella Denesik Sr.','Labore quaerat error repudiandae vel. Officiis et odio non aut cumque nobis. Consequatur quo et sapiente dolores eligendi velit delectus.',4,'2018-02-24 06:37:07','2018-02-24 06:37:07'),
	(73,66,'Raina Jacobi','Enim non quo quo ut est sunt eligendi. Tenetur amet alias molestias et ut eius. Ad asperiores sit quia itaque excepturi.',3,'2018-02-24 06:37:07','2018-02-24 06:37:07'),
	(74,83,'Mr. Carson Treutel PhD','Quam vero magni facilis porro. Voluptas fugit quia sint earum. Blanditiis eaque quod aut officia aliquam quis pariatur.',5,'2018-02-24 06:37:07','2018-02-24 06:37:07'),
	(75,89,'Julianne Kling DDS','Sed qui numquam veritatis ea aut corporis ut. Ipsam esse omnis dicta hic architecto mollitia delectus. Officiis sunt eum ullam iste qui cumque. Et quis voluptas temporibus dolorum.',5,'2018-02-24 06:37:07','2018-02-24 06:37:07'),
	(76,81,'Ana Orn V','Illo voluptas fugiat in id porro. Architecto eum qui dolorum ducimus laudantium et. Dolorum nesciunt quibusdam nihil quia. Eum explicabo suscipit ipsum.',2,'2018-02-24 06:37:07','2018-02-24 06:37:07'),
	(77,53,'Prof. Salvatore Corwin V','Molestias et quo quia. Totam illum architecto accusantium aspernatur. Odit voluptas doloribus voluptas et. Aperiam quia maxime cum.',0,'2018-02-24 06:37:07','2018-02-24 06:37:07'),
	(78,86,'Keagan Zieme V','Tenetur sunt ut quibusdam aut consequatur et distinctio commodi. Labore incidunt mollitia libero debitis et in. Sit tenetur possimus blanditiis porro. Libero recusandae alias magni.',1,'2018-02-24 06:37:07','2018-02-24 06:37:07'),
	(79,74,'Jessyca Heller','Aliquam quidem mollitia pariatur nisi dolorum doloribus iste. Et reiciendis repudiandae voluptates ducimus nesciunt nobis repellat. Numquam voluptatem sequi enim. Eligendi assumenda enim sunt non culpa enim.',3,'2018-02-24 06:37:07','2018-02-24 06:37:07'),
	(80,72,'Nola Collins','Suscipit ut ex ex exercitationem corporis rerum velit. Ea nihil deleniti eveniet fugit illo debitis. Repudiandae ipsa id non quia perferendis. Sint eaque quo quia et pariatur occaecati ea.',2,'2018-02-24 06:37:07','2018-02-24 06:37:07'),
	(81,33,'Jean Hudson V','In et suscipit nam rerum dolor quam omnis quibusdam. Optio beatae harum in perspiciatis ipsa. Et aut dolore facere consequatur cum. Blanditiis ducimus perspiciatis omnis aut modi. Laborum non consequatur et aliquid consectetur aut ratione.',5,'2018-02-24 06:37:07','2018-02-24 06:37:07'),
	(82,72,'Asa Mitchell','Vel voluptate veritatis aut. Voluptatem sit ipsum sint beatae et sunt vitae. Ut eum et aliquam aut deserunt delectus enim.',1,'2018-02-24 06:37:07','2018-02-24 06:37:07'),
	(83,34,'Buford Pfannerstill','Est repellendus vitae tempore rerum asperiores aut molestiae. Alias eum eveniet eum autem architecto eligendi optio et. Non quia omnis veniam perferendis. Iusto nemo ipsa rerum culpa totam vel nostrum.',5,'2018-02-24 06:37:07','2018-02-24 06:37:07'),
	(84,28,'Jadon Rippin PhD','Mollitia rerum ut aut tenetur pariatur inventore ut. Quasi quos et quas voluptatem temporibus. Aut aut repudiandae amet harum. Fugiat qui excepturi impedit.',3,'2018-02-24 06:37:07','2018-02-24 06:37:07'),
	(85,97,'Prof. Sandra Dicki PhD','Placeat placeat tempora repudiandae neque dolorem. Doloremque placeat praesentium excepturi temporibus iusto est eum.',4,'2018-02-24 06:37:07','2018-02-24 06:37:07'),
	(86,82,'Dr. Jairo Walsh','Enim deserunt sit quia ex at debitis. Eveniet et eos dicta molestiae. Ut sequi ad deleniti itaque itaque et ipsam similique. Ratione non voluptas id eligendi aut quo.',1,'2018-02-24 06:37:07','2018-02-24 06:37:07'),
	(87,32,'Nikita Swaniawski','Nihil consequatur illo rem iste. Quia tenetur suscipit necessitatibus cum repudiandae. Ab similique officia commodi voluptates.',3,'2018-02-24 06:37:07','2018-02-24 06:37:07'),
	(88,96,'Ms. Letitia Lindgren DVM','Rerum perferendis saepe alias nisi voluptatum velit. Voluptate similique excepturi hic autem amet rem. Maxime eos possimus laborum provident quae in culpa autem. Repellat sit modi tempora.',2,'2018-02-24 06:37:07','2018-02-24 06:37:07'),
	(89,80,'Estrella Armstrong II','Ea in incidunt qui quidem inventore dicta. Corporis cumque maxime omnis error. Molestias perferendis cum totam exercitationem voluptas quaerat illum. Odit saepe magnam tempora aliquid sed voluptates.',0,'2018-02-24 06:37:07','2018-02-24 06:37:07'),
	(90,15,'Miss Scarlett Cummerata','Magni praesentium id dolores possimus suscipit ut. Cupiditate nesciunt itaque vel dolor odit velit corrupti earum. Aut dicta error magni. Suscipit asperiores voluptatem aspernatur repudiandae est architecto.',4,'2018-02-24 06:37:07','2018-02-24 06:37:07'),
	(91,65,'Nathanial Collier','Nihil porro optio id et sequi veniam libero ducimus. Neque ut eius voluptas rerum. Voluptatem eius consequatur voluptatem.',4,'2018-02-24 06:37:07','2018-02-24 06:37:07'),
	(92,8,'Jameson Macejkovic','Deleniti omnis earum officia numquam debitis et aliquid. Et magni et veritatis aspernatur veritatis. Perferendis rerum iusto est pariatur qui debitis in. Voluptatem nihil officiis ab praesentium consequuntur sint a. Ex exercitationem similique sint id eum.',0,'2018-02-24 06:37:07','2018-02-24 06:37:07'),
	(93,14,'Dr. Arch Will V','Doloremque consequuntur id aut sit non minus alias. Repudiandae iste hic minima omnis et. Soluta non et ut ea veritatis. Eveniet nihil eligendi est sint.',4,'2018-02-24 06:37:07','2018-02-24 06:37:07'),
	(94,51,'Santino Armstrong','Sit aut nihil esse aut. Vitae dolorem qui aliquam.',0,'2018-02-24 06:37:07','2018-02-24 06:37:07'),
	(95,76,'Lavon Stanton','Fugit alias in et voluptatibus quibusdam est reiciendis. Perferendis numquam inventore quia odit et rerum quam non. Nostrum optio libero repudiandae quod occaecati et ipsam.',2,'2018-02-24 06:37:07','2018-02-24 06:37:07'),
	(96,34,'Claudine Brakus','In sunt deserunt hic fuga est dolores. Nihil doloremque ab quo temporibus provident. Sunt sequi accusantium alias animi rem.',3,'2018-02-24 06:37:07','2018-02-24 06:37:07'),
	(97,2,'Stephanie Cremin','In consequatur et qui. Eveniet quae doloribus quaerat fugiat voluptate et quod. Repellendus deleniti eos qui sed corporis. Omnis in dolor occaecati expedita.',4,'2018-02-24 06:37:07','2018-02-24 06:37:07'),
	(98,36,'Mr. Oswald Davis','Error officiis consequatur nisi. Enim odit similique et id reiciendis a dolor. Voluptatem perferendis suscipit nam tempore temporibus occaecati. Delectus rerum et sint fugit tempora.',0,'2018-02-24 06:37:07','2018-02-24 06:37:07'),
	(99,85,'Frankie Raynor','Et voluptate est et et aut quos at. Voluptas ut quo sapiente modi.',1,'2018-02-24 06:37:07','2018-02-24 06:37:07'),
	(100,63,'Gladyce Kunde','Expedita non exercitationem accusantium non neque sequi qui. Maxime sed omnis qui. Omnis ea aut sed fuga laboriosam est.',2,'2018-02-24 06:37:07','2018-02-24 06:37:07'),
	(101,99,'Trevion Carter','Repudiandae corporis cumque pariatur amet. Eum asperiores tenetur fugit et et. Aliquid in rerum esse similique aliquid. Officia repudiandae culpa sit aliquam voluptate. Fuga et explicabo quasi perspiciatis aperiam.',5,'2018-02-24 06:37:07','2018-02-24 06:37:07'),
	(102,29,'Frank Corkery','Voluptatibus nulla temporibus earum id et aliquid doloremque. Ut cupiditate ut sed natus. Accusantium molestiae pariatur et eveniet fugit cumque.',4,'2018-02-24 06:37:07','2018-02-24 06:37:07'),
	(103,95,'Jaylen Robel','Qui id quibusdam molestiae nemo amet eius harum dignissimos. Eveniet hic atque dolor ut culpa praesentium. Odit et enim quis enim. Harum ipsum necessitatibus est atque sed.',1,'2018-02-24 06:37:07','2018-02-24 06:37:07'),
	(104,44,'Gabriel Gleason','Provident dolorem assumenda nisi id nulla qui architecto quia. Quod nihil asperiores fuga voluptas. Ut dolor aut non omnis soluta.',2,'2018-02-24 06:37:07','2018-02-24 06:37:07'),
	(105,19,'Ms. Gwen Pfannerstill PhD','Autem earum doloremque vel. Dolor quidem vel voluptates dignissimos assumenda dolor atque. Quia perferendis vero et dolorum quae nam. Repellat autem neque et hic corrupti molestias.',4,'2018-02-24 06:37:07','2018-02-24 06:37:07'),
	(106,4,'Prof. Camron Emard MD','Eum iste numquam nihil voluptatum. Rerum et occaecati provident omnis. Minus in illo ut. Sequi nobis nam voluptatem recusandae et.',2,'2018-02-24 06:37:07','2018-02-24 06:37:07'),
	(107,60,'Neoma Ratke Jr.','Aut aut illo id sit eos. Totam veritatis et aperiam qui atque aspernatur commodi. Atque suscipit delectus cum. Dolore consectetur delectus tempora.',2,'2018-02-24 06:37:07','2018-02-24 06:37:07'),
	(108,15,'Kaylie Fritsch','Eos excepturi et occaecati qui. Accusamus est qui fuga ipsa. Illo dolorem voluptatem esse totam omnis corporis. Consequatur ut quod ut in sapiente cupiditate.',1,'2018-02-24 06:37:07','2018-02-24 06:37:07'),
	(109,11,'Mrs. Teagan Ullrich','Libero et voluptatem voluptatem veniam fugit. Magnam vero explicabo ab ut alias. Autem fuga doloribus ab rem praesentium. Magnam dicta dolore consequatur quam.',2,'2018-02-24 06:37:07','2018-02-24 06:37:07'),
	(110,70,'Prof. Aylin Dickens MD','Cumque quo autem aperiam fugiat quos autem officiis. Veritatis aut sapiente aliquid maxime est inventore consequatur. Non velit in mollitia vero. Facere deleniti et et soluta.',2,'2018-02-24 06:37:07','2018-02-24 06:37:07'),
	(111,47,'Miles Stokes','Ut numquam ratione praesentium quos. Voluptatem mollitia repellendus voluptatem voluptatem nam dolor. Dolorem deleniti laudantium consequatur numquam modi autem. Vel repudiandae sit harum quis quibusdam quo et.',5,'2018-02-24 06:37:07','2018-02-24 06:37:07'),
	(112,22,'Bridie Dach','Nulla et consequatur voluptatem repellendus nam placeat non. Temporibus sunt dolore qui praesentium perspiciatis. Aut omnis perspiciatis expedita maiores atque soluta. Quasi nemo ipsam delectus assumenda.',2,'2018-02-24 06:37:07','2018-02-24 06:37:07'),
	(113,25,'Piper Feil','Soluta aut minus ad ad ut aliquid tenetur tempora. Mollitia tempore omnis qui modi praesentium molestiae debitis deleniti. Doloribus tenetur voluptatem tenetur velit reprehenderit fugit et est. Neque occaecati eligendi eum.',3,'2018-02-24 06:37:07','2018-02-24 06:37:07'),
	(114,5,'Dustin Mraz','Accusantium fugiat voluptatem a dolore dolores optio eum rerum. Facilis quia voluptatem repudiandae sint aut. Corrupti necessitatibus accusantium fuga exercitationem.',0,'2018-02-24 06:37:07','2018-02-24 06:37:07'),
	(115,65,'Vesta Bayer','Optio eligendi sed qui excepturi est iusto fugit. Sed non consequatur aspernatur omnis id. Ratione tenetur ducimus excepturi qui minima.',5,'2018-02-24 06:37:07','2018-02-24 06:37:07'),
	(116,45,'Tatum Spinka','Explicabo et impedit aut corporis qui ut. Explicabo magni aut aspernatur omnis. Consequatur quia non quo. Dolor quos magni id eius qui.',3,'2018-02-24 06:37:07','2018-02-24 06:37:07'),
	(117,1,'Alan Herman PhD','Voluptates quis consequatur iure voluptatum laudantium et mollitia. Ea quibusdam vero corporis ullam unde eum. Quo nam et odio. Fugit sint commodi debitis.',3,'2018-02-24 06:37:07','2018-02-24 06:37:07'),
	(118,15,'Leda Ritchie','Exercitationem sequi assumenda non est. Officia nostrum aut dolor odit voluptatem. Perspiciatis vitae suscipit dolore est et perspiciatis ea. Et est debitis perferendis labore dolore.',5,'2018-02-24 06:37:07','2018-02-24 06:37:07'),
	(119,41,'Broderick Windler','Sit molestiae qui ipsa autem asperiores minima officiis. Et blanditiis eum perspiciatis ullam. Debitis rerum error est dolor illum repudiandae est.',1,'2018-02-24 06:37:07','2018-02-24 06:37:07'),
	(120,2,'Carole Oberbrunner','Nihil dignissimos amet eos quibusdam harum necessitatibus. Quo distinctio totam modi sit repellat. Qui rerum dolor nostrum occaecati labore voluptas enim. Et quis commodi harum ipsum molestias.',1,'2018-02-24 06:37:07','2018-02-24 06:37:07'),
	(121,57,'Larry Morissette','Et est ea porro quia natus omnis. Consequuntur unde voluptatem similique itaque ipsa enim aut debitis. Dolores ab doloremque et quia aut.',3,'2018-02-24 06:37:07','2018-02-24 06:37:07'),
	(122,15,'Florine Hauck III','Perferendis molestiae delectus ex ea distinctio praesentium. Et accusantium eos voluptas rem facere sint nesciunt corporis. Quia libero ipsam quasi quos repellat repellendus quaerat. Velit nemo sapiente animi consequatur.',4,'2018-02-24 06:37:07','2018-02-24 06:37:07'),
	(123,65,'Prof. Kurtis Upton IV','Amet tempore ipsa quas sint autem. Autem distinctio vel fugiat sint consequatur tempora sit consequatur. Sit totam delectus et tempore explicabo.',1,'2018-02-24 06:37:07','2018-02-24 06:37:07'),
	(124,92,'Esteban Cronin','Dignissimos id sint rem aut. Ut non eum voluptas non possimus beatae repellat.',4,'2018-02-24 06:37:07','2018-02-24 06:37:07'),
	(125,4,'Coy Walter','Molestiae modi molestias officia. Qui facere aut ut in enim. Sit dolores dolor ipsam explicabo.',1,'2018-02-24 06:37:07','2018-02-24 06:37:07'),
	(126,9,'Mortimer Buckridge','Et molestias quidem aspernatur eius quam. Velit sed perferendis eligendi hic. Ut dolor voluptas est vel amet libero dolorem. Molestiae aut voluptas voluptas molestiae maxime reiciendis molestiae. Placeat id voluptate esse eveniet rerum nobis possimus nam.',2,'2018-02-24 06:37:07','2018-02-24 06:37:07'),
	(127,66,'Marcelle Leffler','Nihil deleniti quae quo ut saepe. Sed voluptatem praesentium odio consequatur. Pariatur quia aut dolorum non voluptatum earum. Laboriosam quia animi blanditiis distinctio. Quo maiores et eaque eum consequuntur.',3,'2018-02-24 06:37:07','2018-02-24 06:37:07'),
	(128,26,'Dr. Donny Reichel','Deleniti sequi dicta quos modi nam modi fugiat. Deserunt ut corrupti ullam nemo beatae saepe. Aut et corrupti eos temporibus sunt quod dolores. Reiciendis dolor qui molestiae. Id officiis magnam eveniet consequuntur et.',0,'2018-02-24 06:37:07','2018-02-24 06:37:07'),
	(129,95,'Prof. Aliya Jast','Quia occaecati aut suscipit neque est. Voluptatem voluptatem consectetur magnam. Consequuntur et quisquam voluptas qui sunt eligendi veniam.',2,'2018-02-24 06:37:07','2018-02-24 06:37:07'),
	(130,90,'Sheridan Reynolds','Ducimus et quos tempore vel soluta consequatur. Vitae enim nulla vitae molestiae atque. Non ratione sequi error officiis earum est.',3,'2018-02-24 06:37:07','2018-02-24 06:37:07'),
	(131,47,'Dr. Erick Kassulke DVM','Dolores quo dolorem id id aut aut ratione. Et iste ut facilis. Soluta corporis placeat eligendi veritatis harum qui. Qui quos ut quod expedita quo labore.',2,'2018-02-24 06:37:07','2018-02-24 06:37:07'),
	(132,67,'Kasey Price V','Distinctio sapiente molestiae debitis assumenda. Distinctio vitae tempore nisi molestias voluptatem. Modi aliquam dolore eius quia sed. Dicta labore ab deleniti commodi accusantium optio.',1,'2018-02-24 06:37:07','2018-02-24 06:37:07'),
	(133,61,'Mariam Hagenes III','Sapiente nisi quo et eum. Voluptas laborum vitae enim sit earum atque consectetur doloribus. Eligendi atque perspiciatis et.',1,'2018-02-24 06:37:07','2018-02-24 06:37:07'),
	(134,74,'Marquise Kassulke II','Et quae et est sunt. Ut sit aut sapiente provident voluptatem quisquam suscipit. Accusamus similique et aut dolorum. Laboriosam laboriosam quam magni quos ad eum sint.',1,'2018-02-24 06:37:07','2018-02-24 06:37:07'),
	(135,79,'Kadin Padberg','Maxime in quasi quo quae sapiente. Error a necessitatibus impedit qui quae harum illum. Molestiae recusandae repellendus maxime odit alias.',2,'2018-02-24 06:37:07','2018-02-24 06:37:07'),
	(136,90,'Kaylie Johnson','Consequatur sit velit sunt consequatur quia. Voluptas mollitia non voluptas temporibus. Est unde magni et deserunt.',4,'2018-02-24 06:37:07','2018-02-24 06:37:07'),
	(137,36,'Morgan Thiel','Ut libero impedit minus nihil perferendis ipsam. Repellendus sed omnis cumque adipisci aperiam nisi earum. Aut earum autem quis qui temporibus.',5,'2018-02-24 06:37:07','2018-02-24 06:37:07'),
	(138,75,'Mr. Chris Grady','Molestiae autem nostrum illum molestiae voluptatem unde. Est sed molestiae odio nemo corrupti. Ut sit autem enim velit.',5,'2018-02-24 06:37:07','2018-02-24 06:37:07'),
	(139,9,'Prof. Elva Purdy','Mollitia esse accusantium libero molestiae nesciunt ducimus. Dolorem modi aut voluptates consequatur quae qui. Et debitis voluptatem doloremque dolorem quia velit omnis. Voluptas optio nostrum necessitatibus sequi mollitia perspiciatis asperiores ipsam.',0,'2018-02-24 06:37:07','2018-02-24 06:37:07'),
	(140,91,'Prof. Henriette Yost I','Quis nostrum itaque cumque. Eum enim doloribus quam commodi quasi. Autem ea et aut debitis et quos.',1,'2018-02-24 06:37:07','2018-02-24 06:37:07'),
	(141,96,'Sydnie Rolfson','Sunt non officia harum impedit aut doloribus voluptatem eius. Voluptatem similique dolorum sapiente iste. Nihil officia nesciunt possimus necessitatibus eveniet et recusandae. Aut dolorem delectus repellendus eos.',5,'2018-02-24 06:37:07','2018-02-24 06:37:07'),
	(142,43,'Ms. Verla Rippin','Et asperiores porro qui cupiditate exercitationem pariatur. Id sed enim ex veritatis quae sit et perferendis. Id deleniti voluptatem itaque illum quia sit. Officia velit asperiores illo dolore mollitia.',0,'2018-02-24 06:37:07','2018-02-24 06:37:07'),
	(143,50,'Amelia Kiehn','Eius cum nisi officia sequi ut quo. Quia consequuntur ducimus expedita voluptatem est.',4,'2018-02-24 06:37:07','2018-02-24 06:37:07'),
	(144,64,'Cleveland Fritsch','Suscipit porro impedit qui natus placeat repudiandae voluptas. Dolor dolor enim porro et esse qui. Qui soluta molestiae natus. Dolore et nobis mollitia est.',4,'2018-02-24 06:37:07','2018-02-24 06:37:07'),
	(145,47,'Ruthe Koepp','Expedita aspernatur dolor laudantium consequatur. Modi recusandae voluptas est non perspiciatis error. Ex fugiat est et et expedita.',4,'2018-02-24 06:37:07','2018-02-24 06:37:07'),
	(146,1,'Dr. Raoul Kozey','Omnis odio necessitatibus aut iste enim. Non sed quis nihil nihil aspernatur et id architecto. Incidunt sint quod ea sit. Qui fuga tempora ratione quo facilis quod.',0,'2018-02-24 06:37:07','2018-02-24 06:37:07'),
	(147,53,'Mr. Erin Reinger DVM','Consequatur dolore nesciunt non libero inventore totam. Quidem numquam corporis et sit dolorem. Occaecati dolor sapiente exercitationem sed vel laudantium sequi corporis. Ut neque sed sunt inventore molestias sunt qui animi.',4,'2018-02-24 06:37:07','2018-02-24 06:37:07'),
	(148,55,'Prof. Jaylen Osinski','Aut cupiditate ipsum in atque nisi quas voluptatibus. Qui quo vel expedita blanditiis qui sapiente placeat. Doloremque aut nihil qui aut.',4,'2018-02-24 06:37:07','2018-02-24 06:37:07'),
	(149,52,'Chanelle Zieme','Ad corporis distinctio omnis dolore. Consequatur assumenda aperiam aut in. Eaque laudantium ratione sed et blanditiis ab voluptatum.',1,'2018-02-24 06:37:07','2018-02-24 06:37:07'),
	(150,53,'Mr. Fredy Terry I','Dolorum omnis necessitatibus quas fuga. Sed vel corporis voluptas itaque dolores quidem. Saepe voluptate sapiente officia ea. Veritatis eos amet commodi quas in.',4,'2018-02-24 06:37:07','2018-02-24 06:37:07'),
	(151,89,'Korey Little','Id magni maxime qui suscipit quo dolorem sunt occaecati. Provident iure vitae occaecati aspernatur. Ut nobis odio et accusantium fugit aut suscipit. Voluptas sed distinctio et earum consequatur quia.',0,'2018-02-24 06:37:07','2018-02-24 06:37:07'),
	(152,54,'Mrs. Nannie Hackett','Odio rem quia quasi aperiam facilis occaecati. Aut temporibus maxime aut qui velit earum. Error et necessitatibus illum odio nesciunt dignissimos. Mollitia distinctio voluptatem eaque exercitationem qui.',2,'2018-02-24 06:37:07','2018-02-24 06:37:07'),
	(153,28,'Aurelia Fisher','Sint beatae aspernatur recusandae mollitia quasi. Deleniti nam debitis nemo vero. Velit nihil autem temporibus esse doloremque laborum.',3,'2018-02-24 06:37:07','2018-02-24 06:37:07'),
	(154,15,'Aidan Collier IV','Consectetur harum ut ut. Facilis qui architecto temporibus ipsum. Blanditiis et qui dolorem fugit velit non aliquam.',3,'2018-02-24 06:37:07','2018-02-24 06:37:07'),
	(155,34,'Hadley Wunsch Sr.','Optio expedita sint earum. Laborum officiis optio sint est aut dolores cumque. Dignissimos velit ipsum hic dolorum. Nesciunt unde sapiente ullam tempora exercitationem.',5,'2018-02-24 06:37:07','2018-02-24 06:37:07'),
	(156,61,'Dr. Abe Bernier','Ex aut blanditiis ipsam modi asperiores rerum. Omnis itaque vitae dicta incidunt.',5,'2018-02-24 06:37:07','2018-02-24 06:37:07'),
	(157,36,'Eudora Ritchie','Id assumenda sapiente inventore beatae. Ex ab nam aspernatur iure. Praesentium molestias asperiores magni ullam earum asperiores sed commodi.',5,'2018-02-24 06:37:07','2018-02-24 06:37:07'),
	(158,14,'Mark Roob','Officia velit fuga quod temporibus dolores recusandae. Natus id hic totam modi accusantium sit earum. Dolores et aut tempora ipsam cupiditate minima alias labore.',0,'2018-02-24 06:37:07','2018-02-24 06:37:07'),
	(159,88,'Dr. Parker Corkery IV','Aut atque rem nobis dolores quas dolores. Sunt recusandae sunt similique eligendi. Aut ratione at qui mollitia.',1,'2018-02-24 06:37:07','2018-02-24 06:37:07'),
	(160,56,'Hannah Frami','Suscipit itaque sed fugiat et nesciunt tenetur incidunt vel. Inventore doloremque repellat aut ut. Culpa maxime consequatur sed sint sed.',0,'2018-02-24 06:37:07','2018-02-24 06:37:07'),
	(161,73,'Arthur Schiller','Sit recusandae hic sit. Autem voluptatem libero velit odio facilis a quos. Ut voluptas nesciunt dolorem cupiditate odit. Doloribus qui laboriosam ut consequatur delectus.',0,'2018-02-24 06:37:07','2018-02-24 06:37:07'),
	(162,63,'Derrick Yundt','Corrupti laborum ipsam et et. Repudiandae accusamus aperiam accusantium. Quis voluptatem odio odit.',0,'2018-02-24 06:37:07','2018-02-24 06:37:07'),
	(163,58,'Miss Leonor Mayer II','Repudiandae sed perferendis quaerat ipsam. Vel nisi consequuntur assumenda error. Qui excepturi corrupti voluptatem praesentium dolores sed suscipit.',1,'2018-02-24 06:37:07','2018-02-24 06:37:07'),
	(164,99,'Dennis Wunsch','Dolores aut pariatur tenetur. Minus consectetur rerum consequatur suscipit quae deserunt. Autem officiis voluptatem consequatur eligendi aut modi molestias.',0,'2018-02-24 06:37:07','2018-02-24 06:37:07'),
	(165,64,'Mr. Ulises Welch','Quis nobis facilis accusamus rem rerum vel. Tempore animi non excepturi maiores quia occaecati. Sunt placeat quae deleniti earum qui qui.',0,'2018-02-24 06:37:07','2018-02-24 06:37:07'),
	(166,1,'Ebba Walter DVM','Inventore quia fugit eos odio repudiandae. Eum qui et vero nam et quis dolorem. Exercitationem eaque officiis ab ut labore.',2,'2018-02-24 06:37:07','2018-02-24 06:37:07'),
	(167,41,'Enoch Koch','Quam nesciunt beatae tempora consectetur qui. Molestias excepturi nihil quos est cum. Non ut laudantium et blanditiis. Velit non et ut eos.',4,'2018-02-24 06:37:07','2018-02-24 06:37:07'),
	(168,22,'Keenan Wehner','Consequatur fugiat fugiat non rerum qui. Iure tenetur et qui fugit voluptates. Nihil qui in nobis omnis exercitationem similique velit. Sed ut non quo quisquam blanditiis.',1,'2018-02-24 06:37:07','2018-02-24 06:37:07'),
	(169,11,'Loyal Halvorson','Eos nihil iste occaecati beatae qui consequatur provident. Sit voluptas quia veniam. Nihil ut corrupti aut ipsam similique. Corporis quia repellat provident.',2,'2018-02-24 06:37:07','2018-02-24 06:37:07'),
	(170,57,'Parker Ernser','Quisquam beatae iusto ratione ut aspernatur similique. Eum voluptatem voluptatum molestiae ullam dolorem.',1,'2018-02-24 06:37:07','2018-02-24 06:37:07'),
	(171,90,'Ms. Ernestine Hoeger DDS','Repellat quod nobis tempore reprehenderit. Incidunt perspiciatis et sunt. Corporis vel iure eius aut aspernatur.',1,'2018-02-24 06:37:07','2018-02-24 06:37:07'),
	(172,44,'Bernita Cormier','Sed omnis non itaque tempora perspiciatis. Deserunt quia autem optio ad in magnam quibusdam odit. Similique quae laudantium aspernatur qui et eos. Dignissimos dolor nesciunt alias non quod pariatur perspiciatis quis.',3,'2018-02-24 06:37:07','2018-02-24 06:37:07'),
	(173,95,'Mr. Brennan Collins III','Sit recusandae porro quisquam sed est quia. Qui neque vitae qui omnis alias vero consequatur omnis. Exercitationem harum neque cum expedita ut.',1,'2018-02-24 06:37:07','2018-02-24 06:37:07'),
	(174,96,'Marilie Hammes','Distinctio consequatur nobis dolore sint rerum. Iusto facilis saepe quia cupiditate debitis possimus. Et dolor enim in. Nihil aut autem ea in rem quis a.',5,'2018-02-24 06:37:07','2018-02-24 06:37:07'),
	(175,81,'Peyton Lind Jr.','Reprehenderit aut quia quos. Modi sit dolore sunt tempora rem. Dolor minima consectetur sed reiciendis porro quos voluptas.',4,'2018-02-24 06:37:07','2018-02-24 06:37:07'),
	(176,91,'Miss Keely Toy','Quis fuga id voluptatum in eum. Magnam laborum natus delectus deserunt cupiditate velit temporibus eligendi. Cupiditate inventore cupiditate voluptas repellendus est culpa illo quasi.',0,'2018-02-24 06:37:07','2018-02-24 06:37:07'),
	(177,13,'Miss Lolita Gerhold','Et a voluptas quo voluptate dolorem. Nihil quaerat praesentium vel quam ea explicabo eligendi. Eum consequuntur est pariatur delectus ducimus autem.',4,'2018-02-24 06:37:07','2018-02-24 06:37:07'),
	(178,13,'Daija Donnelly','Quis illum sed voluptates nisi laboriosam. Sequi libero non omnis. Qui quibusdam tempore ipsa dolorem.',5,'2018-02-24 06:37:07','2018-02-24 06:37:07'),
	(179,72,'Jada Emmerich','Rerum nam non consequatur occaecati. Enim consequatur magni quos dolore ut ratione. Molestiae enim provident voluptatem in repellat explicabo.',0,'2018-02-24 06:37:07','2018-02-24 06:37:07'),
	(180,16,'Prof. Favian Hauck','Quasi temporibus consequatur quis odio. Id dolor est est. Soluta qui sunt eius et rerum nobis mollitia. Consequatur consequatur omnis molestiae sequi magnam.',2,'2018-02-24 06:37:07','2018-02-24 06:37:07'),
	(181,98,'Shea Smith','Ut ipsa iusto provident sit eveniet delectus. Aut ut fuga et non ipsam corporis qui.',5,'2018-02-24 06:37:07','2018-02-24 06:37:07'),
	(182,49,'Miss Jana Pfeffer','Labore quibusdam commodi nisi saepe. Consectetur explicabo deserunt nobis aliquam quasi aliquam. Et ipsa in officia ut dolorem. Sunt nisi nam voluptas velit qui incidunt eaque.',5,'2018-02-24 06:37:07','2018-02-24 06:37:07'),
	(183,78,'Mossie Walker III','Illum assumenda asperiores corporis dolor qui omnis laboriosam aut. Totam odit non molestiae dolor minus. Eligendi minima voluptates veritatis placeat. Voluptates doloribus porro at non incidunt ut.',5,'2018-02-24 06:37:07','2018-02-24 06:37:07'),
	(184,7,'Arch Feest','Est ea laboriosam facere. Earum deleniti tempora harum ratione. Repudiandae voluptas vel assumenda saepe voluptatum accusamus nostrum. Perferendis laborum ipsam officia provident iusto explicabo vitae.',3,'2018-02-24 06:37:07','2018-02-24 06:37:07'),
	(185,5,'Dr. Hyman Blanda','Sunt ea modi rem quia nihil officia. Numquam et aut vel natus. Libero et voluptatibus quo non.',4,'2018-02-24 06:37:07','2018-02-24 06:37:07'),
	(186,87,'Parker Emmerich','Mollitia doloribus sed maxime ratione. Non aut nihil dolores accusamus impedit aliquam et. Nobis et et dolorum doloremque dolor et blanditiis. Voluptas omnis quibusdam est temporibus.',3,'2018-02-24 06:37:07','2018-02-24 06:37:07'),
	(187,13,'Tressie Mayert V','Delectus voluptatem aliquid totam. Animi numquam ea eveniet quaerat consequatur. Dolores est unde reprehenderit velit.',5,'2018-02-24 06:37:07','2018-02-24 06:37:07'),
	(188,86,'Daphnee McCullough','Sequi et non libero quae consectetur. Alias quam minima a ullam nobis eaque omnis. Minus facere voluptate consectetur earum corrupti magni.',0,'2018-02-24 06:37:07','2018-02-24 06:37:07'),
	(189,21,'Clay Klein PhD','Rerum soluta ad reprehenderit unde dolorem. Fuga quibusdam ducimus velit commodi quo nostrum. Architecto perferendis quam quos. Alias quis autem ea cum placeat nulla aut.',2,'2018-02-24 06:37:07','2018-02-24 06:37:07'),
	(190,13,'Ms. Rubie Howe','Consectetur labore eos minima soluta libero. Tempora voluptatibus quo dolorum modi. Ut voluptates porro voluptatem a est cupiditate.',4,'2018-02-24 06:37:07','2018-02-24 06:37:07'),
	(191,81,'Shemar Mertz','Hic est quia non. Qui facere quis veritatis corporis aut. Dolores soluta cupiditate alias qui error dolor.',3,'2018-02-24 06:37:07','2018-02-24 06:37:07'),
	(192,17,'Constantin Howell I','Aut quisquam et dolor. Nihil non odit accusamus corrupti. Consectetur ducimus et et libero voluptatem nihil deserunt. Amet provident incidunt sapiente non est sed.',2,'2018-02-24 06:37:07','2018-02-24 06:37:07'),
	(193,77,'Dalton Weber','Iste ut facere voluptas quidem nihil ratione blanditiis. Nesciunt nisi voluptatem soluta possimus ea. Autem alias itaque quae. Sint et recusandae est sunt esse.',4,'2018-02-24 06:37:07','2018-02-24 06:37:07'),
	(194,79,'Brian Reynolds','Veniam impedit provident dolorem est id expedita quia doloremque. Culpa accusamus sint non praesentium autem recusandae ut.',5,'2018-02-24 06:37:07','2018-02-24 06:37:07'),
	(195,13,'Carmine Stiedemann','Quam nesciunt maiores magnam est ea quia voluptatem. Porro dicta voluptatibus unde facere atque. Quia possimus error deserunt et eum aliquid.',1,'2018-02-24 06:37:07','2018-02-24 06:37:07'),
	(196,51,'Ms. Mabelle Upton PhD','Perferendis sed et ea commodi iusto consequatur. Dignissimos tenetur sint sit perspiciatis officiis cumque qui. Et sed culpa delectus sunt beatae.',2,'2018-02-24 06:37:07','2018-02-24 06:37:07'),
	(197,35,'Janice Boehm','Expedita fugit at et ex. Et tenetur voluptatem unde voluptates eveniet excepturi accusamus. Iste omnis debitis libero et. Est magni est molestiae sequi accusamus. Quas dolorem minima neque laboriosam.',4,'2018-02-24 06:37:07','2018-02-24 06:37:07'),
	(198,26,'Dr. Salvador Rohan II','Eaque molestiae molestiae et fugit ut eos. Quas aut doloribus a. Deserunt repellendus dolorem eveniet porro vel. Voluptas voluptatibus consequatur vero.',5,'2018-02-24 06:37:07','2018-02-24 06:37:07'),
	(199,97,'Geraldine Kertzmann','Voluptatem animi consequuntur odit nesciunt. Voluptates error facere sit reiciendis. Dolorem et id ut culpa distinctio.',0,'2018-02-24 06:37:07','2018-02-24 06:37:07'),
	(200,80,'Cindy Schaefer','At ut eum quas quidem amet quisquam vel. Reprehenderit quasi neque quis.',5,'2018-02-24 06:37:07','2018-02-24 06:37:07'),
	(201,13,'Antonia Towne','Expedita sint magni ut tenetur. Aut neque itaque dicta sunt impedit ea maiores.',4,'2018-02-24 06:37:07','2018-02-24 06:37:07'),
	(202,6,'Prof. Oma Kautzer DDS','Cumque quia et dolore et est aut. Et quod nam delectus ullam. Velit officiis quia voluptatum omnis doloremque quam nisi.',0,'2018-02-24 06:37:07','2018-02-24 06:37:07'),
	(203,60,'Dr. Jess Wilkinson','Ut dolores et corrupti voluptatibus. Porro qui optio numquam ipsum temporibus consectetur. Sed voluptatem dolores et occaecati et laborum odio. Dolor consequatur enim quia fuga dolor autem ut.',0,'2018-02-24 06:37:07','2018-02-24 06:37:07'),
	(204,96,'Eleonore Treutel PhD','Placeat rerum temporibus sed molestiae dolor error. Laboriosam inventore fuga sapiente tempore. Maiores enim et consequatur corporis facilis facere quam.',0,'2018-02-24 06:37:07','2018-02-24 06:37:07'),
	(205,33,'Ladarius Hyatt DVM','Omnis deleniti quia nisi. Velit exercitationem doloribus quibusdam blanditiis voluptas. Numquam molestiae occaecati voluptatibus quae est occaecati officiis. Et et esse a libero hic repellat.',1,'2018-02-24 06:37:07','2018-02-24 06:37:07'),
	(206,67,'Michale Bauch','Eius suscipit sit blanditiis animi sint ut nobis. Dolorem sed optio corrupti labore nihil. Et et quibusdam qui asperiores deserunt autem dolor iste.',1,'2018-02-24 06:37:07','2018-02-24 06:37:07'),
	(207,31,'Myrl Steuber','Ut sint sint repellat et quam consequatur. Alias soluta et perspiciatis delectus id nostrum qui consequatur. Hic vel adipisci sunt.',0,'2018-02-24 06:37:07','2018-02-24 06:37:07'),
	(208,94,'Wendell Jaskolski Jr.','Delectus sunt quis repudiandae fugiat quam. Voluptas voluptates in adipisci voluptatibus tempora. Vitae aut qui consectetur. Consectetur ut exercitationem facere repudiandae quia quod.',3,'2018-02-24 06:37:07','2018-02-24 06:37:07'),
	(209,34,'Keon Feest','Repudiandae distinctio sed reiciendis. Velit fuga autem in harum et a autem. Saepe nisi minima sit blanditiis sint magnam facilis. Necessitatibus nisi dolorem quam.',3,'2018-02-24 06:37:07','2018-02-24 06:37:07'),
	(210,28,'Mr. Juston Smith Jr.','Dolores et libero reprehenderit fugit. Omnis aut ipsa qui enim. Deleniti voluptatem ducimus et libero et quia.',5,'2018-02-24 06:37:07','2018-02-24 06:37:07'),
	(211,57,'Magnus Jones','Et saepe qui fuga. Adipisci aut assumenda sequi eum qui et beatae. Consequatur itaque nam id.',2,'2018-02-24 06:37:07','2018-02-24 06:37:07'),
	(212,35,'Herman Ward','Saepe nulla adipisci cum corrupti voluptatem. Animi quidem hic repellat. Magni vero atque illo enim cupiditate accusantium voluptatem reprehenderit. Voluptatibus sed in totam voluptatem.',1,'2018-02-24 06:37:07','2018-02-24 06:37:07'),
	(213,66,'Cade Gottlieb Jr.','Praesentium sunt id officiis. Dolorem voluptatem error cupiditate tempora molestiae illum. Doloribus rerum quibusdam consequatur. Ipsa qui earum delectus tenetur quas.',3,'2018-02-24 06:37:07','2018-02-24 06:37:07'),
	(214,21,'Micaela Nader V','Ut ducimus et consectetur adipisci aut. Sed laboriosam ea ipsam vero praesentium. Sit qui ea velit perferendis illum et.',0,'2018-02-24 06:37:07','2018-02-24 06:37:07'),
	(215,18,'Timothy Dooley','Ducimus ut rerum nam nam et velit alias. Dolorem dolorem voluptatem ratione qui consequatur recusandae voluptatem. Excepturi eligendi suscipit laborum cupiditate deleniti dolorem dolorem. Et qui dolorem quia blanditiis aut veritatis veritatis.',3,'2018-02-24 06:37:07','2018-02-24 06:37:07'),
	(216,97,'Dr. Dexter Langosh II','Aliquid hic sint dolor aut voluptatem quos non. Quia rem rem omnis eos molestiae voluptatum a. Omnis labore dolorem id accusamus et earum quia.',0,'2018-02-24 06:37:07','2018-02-24 06:37:07'),
	(217,77,'Earnest Harvey','Consectetur vitae aut ut modi. Distinctio laudantium nemo nihil ullam neque ut. Nihil autem est dicta veniam.',2,'2018-02-24 06:37:07','2018-02-24 06:37:07'),
	(218,2,'Chesley Murazik','Est ea placeat veniam enim aperiam esse. Aut aperiam placeat mollitia debitis. Voluptatibus rerum fugiat laboriosam quo esse officia repellat.',1,'2018-02-24 06:37:07','2018-02-24 06:37:07'),
	(219,19,'Mr. Gillian Bins I','Molestiae voluptatem culpa aliquam laboriosam quis aut. Occaecati temporibus porro recusandae. Doloribus omnis nam aut voluptas laborum. Qui reiciendis voluptatem fugit eos exercitationem dolorum delectus.',1,'2018-02-24 06:37:07','2018-02-24 06:37:07'),
	(220,41,'Ivory Schumm','Maiores labore iure fugit facilis. Occaecati labore accusamus dolore aut. Ut at sit ipsum vitae omnis.',4,'2018-02-24 06:37:07','2018-02-24 06:37:07'),
	(221,44,'Ms. Carli O\'Kon DDS','Nisi quisquam accusantium error ipsum non quibusdam. Quis consequatur voluptate at aut minus dolor deserunt dignissimos. Impedit repudiandae labore laudantium perspiciatis.',4,'2018-02-24 06:37:07','2018-02-24 06:37:07'),
	(222,60,'Margarette Shanahan MD','Unde nesciunt error nesciunt fuga. Eum voluptatum provident repudiandae.',3,'2018-02-24 06:37:07','2018-02-24 06:37:07'),
	(223,2,'Dr. Lucile Flatley','Animi in magnam aut. Voluptatem ut animi incidunt non reprehenderit quo. Aut aut vitae ratione et voluptate officiis id consequuntur.',1,'2018-02-24 06:37:07','2018-02-24 06:37:07'),
	(224,32,'Nicole Lesch','Cum qui molestiae quas voluptatum. Et nobis iure eum doloremque illum.',0,'2018-02-24 06:37:07','2018-02-24 06:37:07'),
	(225,96,'Keith Nitzsche','Voluptatum rerum nobis reiciendis illum. Quidem explicabo ut dignissimos rem. Cum non animi minus est et. Rem nesciunt ullam sunt.',2,'2018-02-24 06:37:07','2018-02-24 06:37:07'),
	(226,23,'Vena Franecki','Alias alias aut officia aliquam. Voluptatem voluptas nihil perspiciatis doloribus architecto totam. Neque qui autem corrupti illum occaecati ea quidem. Reprehenderit voluptas qui rerum rerum.',0,'2018-02-24 06:37:07','2018-02-24 06:37:07'),
	(227,92,'Domenica O\'Keefe','Et similique voluptas sapiente incidunt quae rem quae. Nobis consectetur unde nemo eveniet quis et. Debitis fugiat fuga sint sunt assumenda mollitia.',2,'2018-02-24 06:37:07','2018-02-24 06:37:07'),
	(228,43,'Keith Trantow','Dolores earum ut dolorem voluptates molestiae. Aperiam minus sit dolore quam quos accusamus officiis. Blanditiis veniam at dolorem delectus. Sint consequatur consequuntur voluptas. Aut dolorem esse quo vel.',4,'2018-02-24 06:37:07','2018-02-24 06:37:07'),
	(229,31,'Dr. Ansel Deckow','Ipsum qui suscipit soluta. Voluptatem dolor tempora nulla et molestias occaecati vel. Nostrum eum omnis repellat eligendi aliquid ea.',3,'2018-02-24 06:37:07','2018-02-24 06:37:07'),
	(230,29,'Melissa Raynor','Est dolor unde et saepe omnis ut. Ut atque velit distinctio in. Sit eos beatae recusandae odio ad sunt.',4,'2018-02-24 06:37:07','2018-02-24 06:37:07'),
	(231,100,'Ms. Ila McCullough','Nihil in eius voluptatum adipisci. Labore molestiae velit aut excepturi quasi. Ea impedit eveniet aliquam placeat optio blanditiis. Culpa similique velit et.',3,'2018-02-24 06:37:07','2018-02-24 06:37:07'),
	(232,92,'Mr. Arnaldo Oberbrunner','Fugiat delectus voluptatum culpa amet debitis amet vero non. Quaerat a rem rerum in dolores eos et. Consequatur vero dignissimos et et eum qui quo. Facere voluptas quis blanditiis perspiciatis quidem.',2,'2018-02-24 06:37:07','2018-02-24 06:37:07'),
	(233,35,'Abby White','Voluptatem sit omnis possimus a ipsa. Dolor eligendi ea minima. Sint quia molestias doloremque hic.',5,'2018-02-24 06:37:07','2018-02-24 06:37:07'),
	(234,58,'Narciso Lehner I','Iste voluptates qui animi. Eius nihil consequuntur est maiores.',2,'2018-02-24 06:37:07','2018-02-24 06:37:07'),
	(235,29,'Maiya Baumbach','Praesentium minus qui quae veritatis deleniti. Quam explicabo dignissimos et sit velit quos. Sunt nostrum repellat et omnis dolorem et quasi tempora. Qui quia voluptas maiores natus maiores numquam eaque cupiditate.',2,'2018-02-24 06:37:07','2018-02-24 06:37:07'),
	(236,10,'Zora Bashirian','Qui id hic ea reprehenderit cumque. Earum itaque repellat et sit totam voluptate sit. Ea est voluptatum soluta fuga et voluptatem non.',4,'2018-02-24 06:37:07','2018-02-24 06:37:07'),
	(237,42,'Ms. Heath Tromp','Cumque non fugiat facere ducimus. Assumenda accusantium in eos aut. Voluptatem rerum voluptas sit. Nihil architecto nobis officiis modi dicta.',0,'2018-02-24 06:37:07','2018-02-24 06:37:07'),
	(238,46,'Mr. Walker Powlowski V','Voluptatem quae nesciunt architecto aut accusantium magnam. Et illum excepturi aut dignissimos mollitia omnis sint quia. Sed rem laborum ut provident unde sed minima. Aut voluptatum laborum blanditiis.',5,'2018-02-24 06:37:07','2018-02-24 06:37:07'),
	(239,53,'Adonis Botsford','Rem molestiae ea maiores accusantium aspernatur est illum. Delectus et dolores quia vitae.',5,'2018-02-24 06:37:07','2018-02-24 06:37:07'),
	(240,7,'Maureen Ratke','Velit blanditiis dolor earum illo. Expedita voluptatem in et recusandae cum nulla numquam. Molestiae numquam explicabo eveniet. Natus illum nulla illum consequatur in repellendus eos. Inventore est molestias voluptas qui omnis vitae.',1,'2018-02-24 06:37:07','2018-02-24 06:37:07'),
	(241,99,'Reba Smith','Vitae est expedita sed repudiandae voluptas qui. Autem ab ullam dolor molestiae aperiam. Qui voluptas error laborum voluptatibus.',2,'2018-02-24 06:37:07','2018-02-24 06:37:07'),
	(242,34,'Mrs. Aditya Daugherty','Autem nihil ex temporibus libero corporis quia. Dicta mollitia vel sequi corrupti voluptas rem. Placeat rerum alias ad corporis mollitia animi.',2,'2018-02-24 06:37:07','2018-02-24 06:37:07'),
	(243,79,'Dr. Zelma Nicolas DDS','Praesentium omnis et quos facere odit. Ea velit ea eum at reprehenderit adipisci suscipit. Voluptate officiis voluptatem consequatur commodi molestiae.',5,'2018-02-24 06:37:07','2018-02-24 06:37:07'),
	(244,46,'Francesca Goodwin V','Numquam ea consequatur quo sint aut. Dolores expedita repudiandae quo. Quia enim dolorem in et beatae et voluptatem. Est officia magnam rem excepturi architecto.',1,'2018-02-24 06:37:07','2018-02-24 06:37:07'),
	(245,66,'Everett Thiel','Quis fugit animi et dicta. Sequi qui corrupti sunt quo et praesentium quidem exercitationem. Consequuntur eaque numquam eum excepturi. Dolores aspernatur minima consequatur voluptas.',5,'2018-02-24 06:37:07','2018-02-24 06:37:07'),
	(246,43,'Stephania Langworth','Culpa magni ipsa tempore. Modi exercitationem alias dolorem deleniti labore pariatur.',4,'2018-02-24 06:37:07','2018-02-24 06:37:07'),
	(247,72,'Mr. Kolby Little','Accusantium voluptatem non nisi quas sit sunt animi. Cum sint aut explicabo veniam facilis. Reprehenderit dolore expedita facilis repellat quidem laborum.',0,'2018-02-24 06:37:07','2018-02-24 06:37:07'),
	(248,61,'Rosetta Rippin','Similique ipsum inventore numquam accusantium. Inventore omnis est qui officia praesentium. Et enim tempora repellat ut totam tempore.',5,'2018-02-24 06:37:07','2018-02-24 06:37:07'),
	(249,46,'Dr. Jeffery Denesik','Inventore in natus consequatur tempora ex. Qui dolores aut dolorum ullam. Rerum sed sunt similique voluptas. Dicta consequatur incidunt sunt mollitia.',5,'2018-02-24 06:37:07','2018-02-24 06:37:07'),
	(250,32,'Verona Pagac','Asperiores iusto voluptatem rem ad consequatur. Quibusdam voluptatem repellat sed illo. Doloremque similique hic vel consectetur ut eos sed. Autem nobis earum sunt deleniti quidem dolorem. Impedit porro quis culpa quod.',1,'2018-02-24 06:37:07','2018-02-24 06:37:07'),
	(251,11,'Tiana Hermiston','Dolor rerum tempore reiciendis et. Ipsam aperiam iste facilis dolores ab. Soluta saepe dicta qui sed omnis velit.',0,'2018-02-24 06:37:07','2018-02-24 06:37:07'),
	(252,77,'Carson Connelly','Distinctio architecto nulla aut enim est numquam enim. Ipsa voluptates reprehenderit voluptatem id impedit ex ea. Aut est veritatis ut optio eveniet. Cum esse eligendi sint nihil.',2,'2018-02-24 06:37:07','2018-02-24 06:37:07'),
	(253,90,'Jarrell Fisher','Aut libero neque exercitationem dolorem. Vel mollitia nesciunt quo eum. Totam qui officiis praesentium. Hic omnis sapiente laudantium magnam omnis quibusdam quisquam reprehenderit.',3,'2018-02-24 06:37:07','2018-02-24 06:37:07'),
	(254,52,'Aileen Mills V','Maiores ipsam et eveniet. Incidunt officia eum facilis dolorem assumenda exercitationem.',3,'2018-02-24 06:37:07','2018-02-24 06:37:07'),
	(255,59,'Izaiah Collins I','Tempora accusantium illo aliquam voluptas error sed voluptas. Rerum autem provident magnam id ut nemo. Harum vel et placeat ut autem autem quis.',1,'2018-02-24 06:37:07','2018-02-24 06:37:07'),
	(256,16,'Tyrese Bernhard','Et in eius culpa et velit omnis. Quia quisquam numquam et temporibus pariatur dolore et fuga. In sed nihil sed in. Ut ut ad pariatur consectetur.',5,'2018-02-24 06:37:07','2018-02-24 06:37:07'),
	(257,25,'Katelyn McCullough','Consectetur excepturi placeat soluta natus consequatur tempora voluptate. Ipsam totam vitae est quo nihil et molestiae. Debitis eum eius blanditiis cum qui.',0,'2018-02-24 06:37:07','2018-02-24 06:37:07'),
	(258,35,'Savanah Hills','Beatae vel ea consequatur et nihil nam. Labore recusandae eos modi similique nesciunt. Delectus ducimus ut porro ut numquam sint velit. Nemo qui sit mollitia.',2,'2018-02-24 06:37:07','2018-02-24 06:37:07'),
	(259,34,'Mrs. Adeline Pouros IV','Possimus libero quam explicabo odit rerum molestiae. Ut voluptatem qui ut. Est nesciunt architecto aut qui voluptatem omnis.',5,'2018-02-24 06:37:07','2018-02-24 06:37:07'),
	(260,64,'Muriel Mraz','Vitae ut rerum eaque aut. Voluptatum est et quia. Est quia error velit sint. Neque voluptatum non mollitia.',4,'2018-02-24 06:37:07','2018-02-24 06:37:07'),
	(261,5,'Mr. Ryan Boyer DDS','Doloribus eum reprehenderit eligendi harum cumque. Atque quos voluptatum saepe nihil ipsum placeat. Explicabo repellendus placeat facere eaque.',5,'2018-02-24 06:37:07','2018-02-24 06:37:07'),
	(262,22,'Dr. Layla Barton Jr.','Consequatur ullam non voluptatem et consequatur dolores qui consectetur. Vel ut voluptas et voluptas soluta quae. Ut eligendi alias odio alias. Ad eveniet voluptatibus dolorem eius eveniet sint.',2,'2018-02-24 06:37:07','2018-02-24 06:37:07'),
	(263,11,'Ova Price','Quis repudiandae explicabo et quia voluptatem. Deleniti distinctio doloremque incidunt incidunt quae. Id eos sunt recusandae est porro et voluptatum.',1,'2018-02-24 06:37:07','2018-02-24 06:37:07'),
	(264,33,'Mr. Nikko Ziemann','Facilis provident unde dolorum sapiente. Ipsa exercitationem sed et repudiandae ut aut. Iste cumque odio ut architecto sequi sequi.',5,'2018-02-24 06:37:07','2018-02-24 06:37:07'),
	(265,89,'Prof. Waldo Fahey','Possimus aliquid amet doloribus omnis. Dolore eius magnam id deleniti. Vel ipsum voluptatibus occaecati ex laudantium ad. Aut sint maiores occaecati omnis fuga.',4,'2018-02-24 06:37:07','2018-02-24 06:37:07'),
	(266,20,'Sallie Weber','Aliquam placeat dolores quia quos fuga aut. Quia blanditiis et et consectetur. Et nostrum consequatur est velit non ut. Sequi dolores eaque ipsum nam. Non rerum repudiandae vel et consequatur unde.',1,'2018-02-24 06:37:07','2018-02-24 06:37:07'),
	(267,1,'Icie Terry','Atque possimus sint doloribus. Eligendi dolorum voluptatem vel qui qui reprehenderit. Nihil reiciendis ullam et id et. Aut dolor iusto quidem quibusdam.',2,'2018-02-24 06:37:07','2018-02-24 06:37:07'),
	(268,72,'Avery DuBuque','Aut adipisci eos quo et praesentium. Omnis omnis mollitia nihil sed nisi vel similique. Fugit vero consectetur non quasi consectetur at.',0,'2018-02-24 06:37:07','2018-02-24 06:37:07'),
	(269,64,'Jennifer Gulgowski','Quo optio optio deserunt laudantium perferendis libero dolorem tempora. Voluptas corrupti provident iusto voluptatem ipsa eius ea. Illum ut qui ipsa minus.',5,'2018-02-24 06:37:07','2018-02-24 06:37:07'),
	(270,98,'Wilford Moen','Atque quo omnis et. Eligendi quod quibusdam modi. Numquam dolores et sint incidunt omnis.',5,'2018-02-24 06:37:07','2018-02-24 06:37:07'),
	(271,42,'Ms. Selina Steuber','Voluptas inventore odit sed. Fuga consequatur aut veniam voluptatem qui. Ullam et est qui ut dignissimos sequi velit. Necessitatibus qui omnis error.',1,'2018-02-24 06:37:07','2018-02-24 06:37:07'),
	(272,40,'Tanner Skiles','Est et quos laboriosam ea dolores at voluptatem. Debitis unde aut incidunt placeat. Et cupiditate saepe quos quasi doloribus.',5,'2018-02-24 06:37:07','2018-02-24 06:37:07'),
	(273,46,'Jude Hauck','Illo autem voluptates occaecati mollitia similique quia aut dolorum. Provident at reiciendis rem ab optio possimus ut. Veritatis quisquam aut dolorum. Omnis facere est placeat et est aut et aliquid.',0,'2018-02-24 06:37:07','2018-02-24 06:37:07'),
	(274,14,'Jeff Simonis IV','Perferendis optio doloremque eos reiciendis qui. Ad dolorem et id veniam voluptatem blanditiis omnis perspiciatis. Sunt odit nesciunt sapiente et accusantium inventore facere ut. Tenetur ipsum minus voluptatum tenetur saepe quis.',5,'2018-02-24 06:37:07','2018-02-24 06:37:07'),
	(275,14,'Miss Lorna Hoppe III','Commodi eos quod magnam natus. Pariatur quos iste ut quia nobis quibusdam.',0,'2018-02-24 06:37:07','2018-02-24 06:37:07'),
	(276,34,'Heath Raynor','Consequatur quod ipsum eius quod et et. Maxime ut accusamus similique. Veritatis id modi et nisi repellat eos. Quia sed laborum rerum aut ut expedita est.',0,'2018-02-24 06:37:07','2018-02-24 06:37:07'),
	(277,44,'Berta Simonis','Iste ut vero provident quod et nemo. Eos consectetur deserunt delectus enim quas repudiandae eum qui. Adipisci eligendi quasi et libero cum a.',1,'2018-02-24 06:37:07','2018-02-24 06:37:07'),
	(278,17,'Jody Hoppe','Voluptas placeat soluta repellendus commodi aperiam laborum sapiente. Animi autem est rerum in. Ex ex earum adipisci maiores. Quae occaecati sunt atque nesciunt dolorem eveniet assumenda.',1,'2018-02-24 06:37:07','2018-02-24 06:37:07'),
	(279,36,'Antonina Vandervort DVM','Est perspiciatis earum a et dolorem corporis optio ut. Vel dolorum enim consequatur sit enim. Et magni hic porro eveniet ipsum. Nesciunt repudiandae ea velit ducimus.',1,'2018-02-24 06:37:07','2018-02-24 06:37:07'),
	(280,82,'Ms. Jewel Jacobson II','Qui fugiat possimus nihil qui. Voluptatem ullam nulla repellendus mollitia. Et omnis vel libero soluta expedita qui. Id ea aut aut est animi nihil optio et.',4,'2018-02-24 06:37:07','2018-02-24 06:37:07'),
	(281,97,'Joel Fritsch','Sint odit ut voluptates. Provident nam voluptatem ducimus dolorem. Porro dolores tempore sequi reiciendis reprehenderit molestias.',1,'2018-02-24 06:37:07','2018-02-24 06:37:07'),
	(282,35,'Maymie Upton','Sit aut omnis ullam similique omnis. Ut itaque et quia et eius distinctio fuga. Rerum amet illo omnis fugit labore rem.',5,'2018-02-24 06:37:07','2018-02-24 06:37:07'),
	(283,92,'Estrella Hane','Est est autem enim assumenda quam aspernatur. Nesciunt asperiores repellendus a numquam ipsam. Harum est quibusdam quo iste. Sunt impedit nihil possimus consequatur officia.',2,'2018-02-24 06:37:07','2018-02-24 06:37:07'),
	(284,85,'Robb Effertz V','Velit et aut beatae quibusdam iusto. Quia at voluptatem similique et vel voluptatibus. Reprehenderit error placeat sunt odit exercitationem voluptas qui.',2,'2018-02-24 06:37:07','2018-02-24 06:37:07'),
	(285,77,'Ms. Lea Collier','Explicabo et adipisci unde reiciendis expedita ab consequuntur. Autem tenetur dolore eveniet enim. Repellat ut illum sit deleniti et cumque. Quia repellat et est id nihil.',4,'2018-02-24 06:37:07','2018-02-24 06:37:07'),
	(286,60,'Vernie Witting','Ipsum neque occaecati eum quibusdam nobis. Corporis illo aliquam voluptatibus. Mollitia omnis sed architecto qui nulla eos. Corrupti minima quo eos sint impedit iure.',1,'2018-02-24 06:37:07','2018-02-24 06:37:07'),
	(287,100,'Miss Lavinia O\'Kon','Dolor rerum molestiae nemo rem maiores iure. Reprehenderit est ut autem molestiae ut ad. Natus qui laborum cupiditate molestiae quia qui aut.',5,'2018-02-24 06:37:07','2018-02-24 06:37:07'),
	(288,44,'Gustave Lang','Provident iure fugiat asperiores. Voluptatum amet quos culpa doloribus facilis praesentium temporibus quam.',3,'2018-02-24 06:37:07','2018-02-24 06:37:07'),
	(289,12,'Aurelie Kautzer','Labore iste consectetur delectus illo et quod rerum. Quia sed labore non aut laboriosam et nesciunt necessitatibus. Ut consequuntur rerum quos tempore deserunt velit quibusdam voluptatum. In velit hic aut.',4,'2018-02-24 06:37:07','2018-02-24 06:37:07'),
	(290,69,'Ms. Vida Harris DVM','Accusantium officiis perspiciatis ab. Non sed praesentium minus aliquam sit cumque. Velit fugit delectus sit quod possimus est. Provident non inventore blanditiis at accusantium qui.',1,'2018-02-24 06:37:07','2018-02-24 06:37:07'),
	(291,94,'Shawn Kemmer','Tempore officia at dicta explicabo dicta corrupti voluptates. Saepe dicta cupiditate recusandae reprehenderit nisi illo. Ex odio aliquam veritatis facilis dolorum. Debitis architecto necessitatibus expedita magni laudantium molestiae quos.',4,'2018-02-24 06:37:07','2018-02-24 06:37:07'),
	(292,51,'Marta Pagac','Beatae in occaecati exercitationem inventore. Et quas facilis ipsa ea. Totam molestias voluptas ut temporibus commodi. Enim optio culpa minima ad eum.',5,'2018-02-24 06:37:07','2018-02-24 06:37:07'),
	(293,89,'Miss Helene Ankunding I','Iste dolores hic tempora corrupti at sit quia libero. Eius voluptate consequuntur non molestias non quia exercitationem. Molestias amet eligendi similique voluptatem. Fugit vel velit saepe et ipsa et voluptas.',0,'2018-02-24 06:37:07','2018-02-24 06:37:07'),
	(294,65,'Antonietta Volkman Sr.','Ut dolore quis in aliquid qui. Illum cumque reprehenderit dolores aut sed vitae voluptatem. Et cumque ut dolore nisi consequatur voluptatem. Culpa aut fugiat laudantium excepturi ut.',1,'2018-02-24 06:37:07','2018-02-24 06:37:07'),
	(295,5,'Prof. Diana Dooley','Dolorem ut illo architecto est. Qui rerum ipsam dolorem sit magni. Ad voluptas nihil saepe sed. Labore aut et quaerat et dolorum iusto.',3,'2018-02-24 06:37:07','2018-02-24 06:37:07'),
	(296,37,'Jerel Schmidt II','Aut voluptas aut et enim. Est id alias temporibus libero iure. Dolores quas corporis maxime maxime error accusamus ut qui.',0,'2018-02-24 06:37:07','2018-02-24 06:37:07'),
	(297,9,'Nella Hills','Incidunt illum voluptas molestiae eos doloremque consequatur enim perferendis. Distinctio facilis veniam deserunt odio. Aut vitae autem provident nesciunt. Qui qui quis dolorem ut.',4,'2018-02-24 06:37:07','2018-02-24 06:37:07'),
	(298,6,'Mr. Darrin Emard PhD','Odio fugit reiciendis suscipit consequatur tenetur quos aut. Deserunt illum delectus facilis consequatur. Harum vitae enim quam beatae quasi aut. Magni fuga commodi sunt et alias minus enim.',3,'2018-02-24 06:37:07','2018-02-24 06:37:07'),
	(299,31,'Donny Conn','Tenetur laborum ut doloribus vel quidem est enim error. Labore nisi ratione sed nostrum temporibus minus voluptas sequi. Accusamus maxime ducimus in tenetur eos facere cumque alias. Sit quae expedita sunt at eaque consequatur voluptatem.',0,'2018-02-24 06:37:07','2018-02-24 06:37:07'),
	(300,91,'Allene Abshire','Labore dolores voluptas corporis nemo et. Ut iste quaerat atque labore repudiandae in possimus. Ducimus officia quo animi natus qui. Sunt et dignissimos beatae itaque velit.',0,'2018-02-24 06:37:07','2018-02-24 06:37:07');

/*!40000 ALTER TABLE `reviews` ENABLE KEYS */;
UNLOCK TABLES;


# Dump of table users
# ------------------------------------------------------------

DROP TABLE IF EXISTS `users`;

CREATE TABLE `users` (
  `id` int(10) unsigned NOT NULL AUTO_INCREMENT,
  `name` varchar(255) COLLATE utf8mb4_unicode_ci NOT NULL,
  `email` varchar(255) COLLATE utf8mb4_unicode_ci NOT NULL,
  `password` varchar(255) COLLATE utf8mb4_unicode_ci NOT NULL,
  `remember_token` varchar(100) COLLATE utf8mb4_unicode_ci DEFAULT NULL,
  `created_at` timestamp NULL DEFAULT NULL,
  `updated_at` timestamp NULL DEFAULT NULL,
  PRIMARY KEY (`id`),
  UNIQUE KEY `users_email_unique` (`email`)
) ENGINE=InnoDB DEFAULT CHARSET=utf8mb4 COLLATE=utf8mb4_unicode_ci;




/*!40111 SET SQL_NOTES=@OLD_SQL_NOTES */;
/*!40101 SET SQL_MODE=@OLD_SQL_MODE */;
/*!40014 SET FOREIGN_KEY_CHECKS=@OLD_FOREIGN_KEY_CHECKS */;
/*!40101 SET CHARACTER_SET_CLIENT=@OLD_CHARACTER_SET_CLIENT */;
/*!40101 SET CHARACTER_SET_RESULTS=@OLD_CHARACTER_SET_RESULTS */;
/*!40101 SET COLLATION_CONNECTION=@OLD_COLLATION_CONNECTION */;
